VAR1,Name,Age,Nationality,Overall,Potential,Club,Value,Wage,Special,Preferred_Foot,International_Reputation,Weak_Foot,Skill_Moves,Attacking_Work_Rate,Defensive_Work_Rate,Work_Rate,Body_Type,Real_Face,Position,Height,Weight,Striker,Centre_Forward,Winger,Attacking_Midfielder,Wide_Midfielder,Centre_Midfielder,Wing_Back,Defensive_Midfielder,Centre_Back,Full_Back,Crossing,Finishing,HeadingAccuracy,ShortPassing,Volleys,Dribbling,Curve,FKAccuracy,LongPassing,BallControl,Acceleration,SprintSpeed,Agility,Reactions,Balance,ShotPower,Jumping,Stamina,Strength,LongShots,Aggression,Interceptions,Positioning,Vision,Penalties,Composure,Marking,StandingTackle,SlidingTackle,GKDiving,GKHandling,GKKicking,GKPositioning,GKReflexes,Release_Clause,football_skills,fitness_skills,position_skills,other_skills
452,L. Paredes,24,Argentina,80,85,,0,€ 0,2122,Right,2,4,4,Medium,Medium,Medium/ Medium,Normal,No,Centre Midfielder,5'11,165lbs,71,75,75,77,76,79,75,77,72,74,76,55,60,84,73,78,79,78,82,82,75,69,77,74,77,82,61,79,69,80,79,72,74,82,57,74,73,75,72,9,14,6,9,10,,70.63157895,72.42857143,75.1,74.75
538,A. Granqvist,33,Sweden,80,80,,0,€ 0,1797,Right,2,4,2,High,Medium,High/ Medium,Normal,No,Centre Back,6'4,185lbs,62,58,56,58,57,64,68,74,79,70,49,51,81,73,37,49,36,40,67,63,46,49,55,76,36,74,64,67,83,59,81,82,54,49,79,78,82,83,79,7,9,12,10,15,,58.15789474,57.14285714,64.6,79.25
568,A. Lunev,26,Russia,79,81,,0,€ 0,1217,Right,1,3,1,Medium,Medium,Medium/ Medium,Normal,No,Goal Keeper,6'2,176lbs,,,,,,,,,,,16,14,17,25,13,15,18,17,32,17,58,54,36,76,50,24,60,27,70,13,26,20,11,63,15,69,18,20,12,80,73,65,77,85,,18.94736842,50.71428571,,47.75
677,I. Smolnikov,29,Russia,79,79,,0,€ 0,2038,Right,2,3,3,High,High,High/ High,Lean,No,Full Back,5'10,154lbs,70,72,73,73,75,74,78,75,73,78,73,61,69,79,57,72,49,46,75,72,84,90,80,75,76,67,85,93,68,57,65,71,77,72,41,73,76,76,80,7,12,10,8,15,,63.10526316,82.28571429,74.1,71
864,Hilton,40,Brazil,78,78,Montpellier HSC,0,€18K,1807,Right,2,3,3,Medium,Medium,Medium/ Medium,Normal,Yes,Centre Back,5'11,172lbs,58,59,58,62,60,67,67,73,76,68,60,45,79,73,51,63,42,48,72,73,33,38,51,70,60,55,79,54,76,58,76,79,50,67,64,70,83,77,76,12,7,11,12,13,,59.78947368,55.85714286,64.8,73.75
874,A. Dzyuba,29,Russia,78,78,,0,€ 0,1810,Right,2,3,3,High,Medium,High/ Medium,Stocky,No,Striker,6'5,201lbs,77,74,71,71,71,66,52,52,48,48,61,79,86,71,74,71,64,60,55,77,66,65,50,75,32,78,63,77,93,68,75,30,78,73,77,70,21,15,19,15,12,11,11,8,,59.31578947,63.71428571,63,62.5
953,Luís Neto,30,Portugal,77,77,,0,€ 0,1749,Right,1,3,2,Medium,Medium,Medium/ Medium,Lean,No,Centre Back,6'2,157lbs,52,51,51,54,54,61,67,72,75,69,42,33,80,72,40,49,52,43,77,48,57,59,69,78,61,42,79,72,72,37,76,78,44,46,47,72,80,77,78,10,15,13,15,8,,51.94736842,67,60.6,76
997,D. Kuzyaev,25,Russia,77,80,,0,€ 0,2041,Right,1,3,3,Medium,High,Medium/ High,Lean,No,Wide Midfielder,6'0,163lbs,70,74,74,75,75,75,75,75,70,74,67,64,51,82,57,78,60,61,75,79,78,81,80,73,76,76,60,79,59,74,70,74,71,70,63,64,71,77,76,15,16,13,7,8,,65.89473684,73.28571429,73.7,70.25
1008,G. Sio,29,Ivory Coa,77,77,,0,€ 0,1933,Left,2,3,3,High,Low,High/ Low,Normal,No,Striker,5'11,176lbs,75,75,75,74,74,67,53,52,46,50,68,77,71,73,73,76,73,69,67,76,78,85,79,71,73,77,70,78,74,74,77,18,76,73,72,72,40,18,12,15,9,10,15,16,,61.31578947,76.71428571,64.1,59.5
1120,J. Villar,41,Paraguay,77,77,,0,€ 0,1168,Right,2,3,1,Medium,Medium,Medium/ Medium,Normal,No,Goal Keeper,5'11,187lbs,,,,,,,,,,,14,12,12,30,8,21,15,22,22,24,31,32,50,73,68,29,56,22,62,16,22,22,14,51,21,55,13,13,14,75,75,74,78,77,,18.47368421,45.85714286,,43
1271,C. Riveros,35,Paraguay,76,76,,0,€ 0,2012,Right,1,3,3,Medium,Medium,Medium/ Medium,Normal,No,Attacking Midfielder,5'10,163lbs,70,71,71,73,72,74,69,71,67,68,74,69,70,81,64,69,67,68,77,76,60,53,79,72,70,71,65,75,62,71,72,65,76,77,71,80,76,61,62,9,13,6,16,15,,67.36842105,66.28571429,70.6,72.25
1352,B. Dzsudzsák,31,Hungary,76,76,,0,€ 0,1926,Left,3,4,4,Medium,Medium,Medium/ Medium,Normal,No,Winger,5'10,159lbs,70,74,75,75,75,69,57,54,43,52,83,72,42,73,73,76,83,84,72,74,76,74,84,73,73,83,62,71,61,81,53,35,71,81,85,77,42,21,20,10,7,14,7,10,,64,71.57142857,64.4,59.5
1602,Y. Gazinskiy,28,Russia,75,75,,0,€ 0,1848,Left,1,4,3,Medium,Medium,Medium/ Medium,Normal,No,Defensive Midfielder,6'0,165lbs,62,63,63,65,66,69,70,73,71,70,56,55,62,78,50,67,45,44,76,75,63,68,59,65,58,64,70,80,66,50,76,75,52,58,55,74,73,74,71,13,15,11,15,9,,58.15789474,66.28571429,67.2,72.5
1671,V. Cáceres,33,Paraguay,75,75,,0,€ 0,2012,Right,1,3,3,Medium,High,Medium/ High,Normal,No,Defensive Midfielder,6'1,181lbs,68,68,67,68,67,70,71,73,75,71,67,62,74,70,73,67,62,59,66,71,63,61,62,69,63,74,71,75,79,74,88,80,69,68,63,72,72,76,72,16,11,13,14,8,,65.21052632,67.71428571,69.8,77.25
1819,P. Tau,24,South Afr,75,81,,0,€ 0,1837,Right,1,4,4,High,Medium,High/ Medium,Normal,No,Winger,5'6,143lbs,73,78,78,77,76,69,57,52,42,53,75,85,52,75,69,80,76,63,56,83,79,76,72,73,88,68,47,60,36,72,40,29,82,77,68,79,38,35,25,6,13,13,15,11,,62.05263158,65.42857143,65.5,55.25
1902,C. Cueva,26,Peru,75,75,,0,€ 0,1849,Right,1,4,3,Medium,Medium,Medium/ Medium,Normal,No,Wide Midfielder,5'6,134lbs,69,73,74,73,73,68,60,57,48,57,70,67,53,74,53,76,73,63,68,76,84,83,81,74,82,70,67,63,48,64,48,49,74,69,67,60,44,32,31,8,10,7,10,11,,59.15789474,72.57142857,65.2,57.75
1907,M. Mevlja,28,Slovenia,75,77,,0,€ 0,1738,Right,1,3,2,Medium,High,Medium/ High,Normal,No,Centre Back,6'3,183lbs,53,53,54,56,58,62,69,71,74,71,52,34,73,70,48,55,42,42,72,58,71,69,65,71,52,47,63,71,81,32,63,78,35,54,47,75,78,78,77,9,12,12,14,13,,52.31578947,67.42857143,62.1,71.75
1933,K. Traoré,26,Ivory Coa,75,75,,0,€ 0,1815,Left,1,3,4,High,Low,High/ Low,Normal,No,Attacking Midfielder,5'10,165lbs,67,72,73,74,73,69,57,56,45,54,66,64,51,74,61,75,72,73,71,76,81,72,82,74,67,55,51,71,54,62,57,41,77,76,71,78,26,33,32,13,8,10,9,10,,58.68421053,68.28571429,64,62.5
1936,K. Fofana,26,Ivory Coa,75,75,,0,€ 0,1877,Right,1,3,3,Medium,Medium,Medium/ Medium,Normal,No,Striker,6'2,179lbs,73,72,71,71,71,67,59,57,52,57,66,75,72,74,74,72,63,59,58,75,59,77,63,72,60,78,69,83,77,73,67,40,72,69,74,83,23,37,46,7,11,7,11,14,,61.05263158,69.71428571,65,65.5
1964,V. Claesson,26,Sweden,75,78,,0,€ 0,1868,Right,1,3,3,High,High,High/ High,Normal,No,Wide Midfielder,6'0,174lbs,69,72,72,73,73,71,62,60,51,58,65,72,40,74,64,71,69,64,69,74,72,74,76,76,63,75,48,88,64,74,68,38,73,77,63,77,43,43,46,12,7,9,10,7,,60.84210526,69.28571429,66.1,64.75
2065,B. Joki?,32,Slovenia,75,75,,0,€ 0,1986,Left,1,3,2,Medium,Medium,Medium/ Medium,Stocky,No,Full Back,5'9,170lbs,64,65,66,65,68,68,73,72,72,73,76,48,65,74,56,62,67,59,69,74,79,79,71,69,76,68,81,77,76,61,81,74,60,55,49,75,62,76,75,16,15,14,8,14,,60.84210526,77,68.6,74.75
2080,T. Hlatshwayo,28,South Afr,74,75,,0,€ 0,1480,Right,1,3,2,Low,Medium,Low/ Medium,Normal,No,Centre Back,6'2,194lbs,45,40,40,41,43,47,60,63,73,63,39,21,76,69,29,31,31,32,51,34,58,61,49,64,33,51,65,50,84,23,78,71,29,26,45,71,78,77,75,12,13,11,7,7,,43,57.14285714,51.5,71
2192,R. Ortiz,28,Paraguay,74,75,,0,€ 0,1973,Left,1,2,3,Medium,High,Medium/ High,Stocky,No,Defensive Midfielder,5'9,165lbs,66,69,69,70,69,71,70,72,69,69,57,60,45,75,52,70,61,55,67,74,70,74,80,68,69,80,59,80,74,76,83,75,65,71,61,61,74,68,65,12,15,16,10,12,,61.89473684,72.28571429,69.4,71.75
2259,Kahraba,24,Egypt,74,79,,0,€ 0,1848,Right,1,4,3,High,Medium,High/ Medium,Normal,No,Wide Midfielder,6'0,168lbs,72,74,74,72,73,65,57,55,51,54,66,73,64,69,54,80,67,44,59,77,78,84,79,67,66,73,70,74,69,70,51,28,77,66,69,63,73,29,18,7,9,16,15,7,,59.36842105,74.28571429,64.7,52.25
2289,A. Erokhin,28,Russia,74,74,,0,€ 0,2019,Right,1,4,3,Medium,Medium,Medium/ Medium,Lean,No,Centre Midfielder,6'5,174lbs,73,72,71,72,72,73,71,71,70,70,69,74,78,77,64,73,62,54,71,73,64,69,63,73,57,75,78,90,82,73,71,73,73,69,65,64,65,64,58,9,14,15,10,14,,65.10526316,71.85714286,71.5,70.25
2347,A. Semenov,29,Russia,74,75,,0,€ 0,1648,Right,1,3,2,Medium,High,Medium/ High,Normal,No,Centre Back,6'3,190lbs,52,52,52,53,56,61,68,71,72,69,50,36,63,76,37,55,33,36,70,70,55,52,43,70,54,55,78,75,81,35,55,75,26,34,51,66,70,81,75,11,8,16,7,15,,50.15789474,62.57142857,60.6,66.5
2363,P. Aguedar,30,Paraguay,74,74,,0,€ 0,1786,Right,1,4,2,Medium,High,Medium/ High,Normal,No,Centre Back,6'0,181lbs,57,54,53,55,55,59,64,68,73,67,40,50,73,63,50,50,48,41,62,60,63,70,63,69,69,64,91,70,81,49,73,72,28,56,55,71,73,75,73,15,12,13,9,6,,53.15789474,72.42857143,60.5,71.25
2399,K. Konaté,26,Ivory Coa,74,74,,0,€ 0,1938,Right,1,4,3,High,Medium,High/ Medium,Normal,No,Winger,5'10,165lbs,72,73,74,72,73,67,59,55,48,56,70,67,64,71,76,76,83,68,64,73,88,87,85,74,76,80,64,77,60,72,62,40,74,63,67,67,24,35,33,12,12,13,15,13,,61.05263158,76.71428571,64.9,60.75
2413,I. Koné,30,Ivory Coa,74,74,,0,€ 0,1727,Left,1,3,2,Medium,Medium,Medium/ Medium,Normal,No,Centre Back,6'0,174lbs,54,52,53,54,55,60,65,70,73,67,55,51,73,68,44,44,54,50,72,62,52,55,54,79,49,43,67,62,81,51,76,71,24,47,66,70,81,69,73,9,14,13,8,10,,54.05263158,60,60.3,74
2443,A. Mitri??,23,Romania,74,80,,0,€ 0,1728,Right,1,5,3,High,Medium,High/ Medium,Lean,No,Winger,5'7,143lbs,67,72,73,72,72,64,54,49,38,50,63,62,31,70,63,76,68,60,58,76,89,85,89,77,89,73,34,69,50,64,49,22,73,68,46,66,32,21,27,7,15,5,6,11,,54.2631579,72.14285714,61.1,53.5
2452,S. Vilakazi,28,South Afr,74,74,,0,€ 0,1817,Right,1,3,4,High,Medium,High/ Medium,Normal,No,Centre Midfielder,5'7,165lbs,69,72,72,72,72,68,61,59,51,58,64,73,46,73,63,75,66,65,69,74,78,75,66,72,72,68,56,79,63,70,38,29,72,71,34,77,72,42,39,6,7,15,13,12,,59.78947368,69.85714286,65.4,54
2514,M. Etxeberría,26,Paraguay,74,74,,0,€ 0,2003,Left,1,4,4,High,Low,High/ Low,Lean,No,Wide Midfielder,6'0,170lbs,68,71,72,71,73,70,69,66,62,68,77,47,63,75,73,78,74,72,69,75,76,84,79,74,74,69,62,75,65,70,75,60,76,62,70,76,28,69,69,13,13,16,14,7,,64,73.57142857,69,71.25
2655,I. Kovács,26,Hungary,73,74,,0,€ 0,1664,Right,1,4,3,Medium,Low,Medium/ Low,Lean,No,Attacking Midfielder,5'8,143lbs,63,70,70,71,69,64,52,50,39,49,56,68,29,73,52,72,49,49,65,72,84,77,83,73,82,63,52,48,42,65,43,29,65,74,56,73,41,22,30,10,7,14,8,11,,52.68421053,66.85714286,59.7,54.5
2680,F. Kudryashov,31,Russia,73,73,,0,€ 0,1815,Left,1,2,2,Medium,Medium,Medium/ Medium,Normal,No,Centre Back,5'11,179lbs,57,59,62,61,63,64,71,70,71,72,71,41,63,68,51,61,47,41,60,69,71,73,74,74,64,43,70,72,73,56,71,74,45,58,46,69,72,74,75,16,11,11,12,8,,54.78947368,71,65,72
2688,R. Benzar,26,Romania,73,76,,0,€ 0,1838,Right,1,2,2,Medium,Medium,Medium/ Medium,Normal,No,Full Back,5'11,157lbs,60,62,64,63,66,65,71,68,68,71,72,47,61,68,49,57,56,58,63,64,75,76,74,72,62,57,56,83,70,54,62,68,61,66,55,67,67,74,73,9,10,6,6,7,,58,70.85714286,65.8,67.25
2724,C. Ke?erü,31,Romania,73,73,,0,€ 0,1839,Left,2,3,2,High,Medium,High/ Medium,Normal,No,Attacking Midfielder,5'10,157lbs,72,70,68,68,68,64,56,53,48,53,67,76,69,66,70,62,68,71,58,66,73,65,59,76,78,80,64,72,72,69,40,47,79,69,75,70,32,32,28,14,10,12,8,12,,59.84210526,69,62,58.25
2827,M. Banguera,32,Ecuador,73,73,,0,€ 0,1016,Right,1,3,1,Medium,Medium,Medium/ Medium,Stocky,No,Goal Keeper,6'2,198lbs,,,,,,,,,,,12,14,15,14,16,18,19,20,12,12,40,40,28,69,31,12,35,30,65,14,30,18,16,21,13,39,15,16,14,68,70,65,77,77,,14.36842105,38.42857143,,39
2849,J. Góralski,25,Poland,73,77,,0,€ 0,1841,Right,1,2,2,Medium,High,Medium/ High,Normal,No,Defensive Midfielder,5'8,146lbs,58,61,62,64,64,67,69,72,69,69,55,42,55,70,47,61,46,46,71,68,70,73,84,64,81,50,62,86,73,46,90,77,62,67,43,75,66,70,69,11,14,7,10,5,,54.42105263,75.57142857,65.5,76.5
2913,M. Martins,31,Bolivia,73,73,,0,€ 0,1796,Right,2,4,3,Medium,Medium,Medium/ Medium,Normal,No,Striker,6'2,181lbs,72,70,68,68,66,62,51,51,49,48,58,75,75,69,71,69,57,57,55,71,64,61,67,67,58,80,70,66,79,71,71,24,73,65,76,68,48,24,23,8,8,9,12,15,,58.78947368,66.42857143,60.5,57.5
2984,M. Borjan,30,Canada,73,73,,0,€ 0,1285,Right,1,2,1,Medium,Medium,Medium/ Medium,Normal,No,Goal Keeper,6'5,185lbs,,,,,,,,,,,15,12,15,38,19,28,16,16,48,23,47,40,38,70,42,25,55,55,77,12,53,22,14,57,23,58,19,23,21,75,71,71,73,72,,22.31578947,50.57142857,,50.75
2999,K. Rausch,28,Russia,73,73,,0,€ 0,2030,Left,2,3,3,Medium,Medium,Medium/ Medium,Normal,No,Full Back,6'0,176lbs,68,70,71,70,71,71,72,71,69,71,72,62,57,72,61,72,71,73,71,72,79,79,75,73,70,72,74,77,72,70,71,73,67,68,66,71,71,69,67,12,8,11,12,11,,64.89473684,75.14285714,70.4,72
3037,Y. Banana,26,Cameroon,73,75,,0,€ 0,1519,Right,1,3,2,Medium,Medium,Medium/ Medium,Lean,No,Full Back,6'4,194lbs,49,44,43,43,46,49,60,63,72,63,39,29,80,51,37,33,30,34,49,55,51,60,32,61,48,49,68,77,90,27,75,64,39,34,44,57,77,76,69,14,7,7,7,6,,44.84210526,60.85714286,53.2,64.25
3050,R. Sigurðsson,32,Iceland,73,73,,0,€ 0,1649,Right,1,3,2,Medium,Medium,Medium/ Medium,Lean,No,Centre Back,6'2,170lbs,49,47,46,50,50,57,63,68,72,66,40,26,74,66,25,30,42,32,62,52,62,61,56,68,60,59,60,78,81,52,80,74,29,55,65,68,74,71,71,9,8,6,9,12,,48.68421053,65.42857143,56.8,72.5
3103,M. Degenek,24,Australia,73,80,,0,€ 0,1995,Right,1,4,2,High,High,High/ High,Lean,No,Centre Back,6'2,181lbs,66,65,66,66,68,68,71,71,72,72,70,59,70,74,62,58,69,44,72,64,79,79,78,72,70,70,81,86,84,61,81,70,55,67,58,80,65,71,71,14,12,7,10,12,,61.05263158,79.57142857,68.5,75.75
3170,S. Ingason,24,Iceland,73,78,,0,€ 0,1732,Right,1,3,2,Medium,Medium,Medium/ Medium,Normal,No,Centre Back,6'2,165lbs,57,55,54,55,55,58,64,67,72,67,45,43,66,56,30,47,48,46,57,60,63,59,58,73,58,61,80,68,77,60,73,74,54,49,50,70,76,75,76,13,9,10,9,9,,52.57894737,66.14285714,60.4,72.5
3208,B. Sigurðarson,27,Iceland,73,74,,0,€ 0,1893,Right,1,4,3,High,High,High/ High,Normal,No,Striker,6'1,190lbs,72,71,71,70,71,64,59,55,53,56,66,71,68,68,65,73,63,48,44,73,78,79,83,74,76,68,78,90,85,66,73,42,73,64,69,76,31,39,24,9,12,10,15,16,,56.47368421,81.28571429,64.2,66.25
3282,V. Granat,31,Russia,72,72,,0,€ 0,1740,Left,1,3,2,Medium,Medium,Medium/ Medium,Normal,No,Centre Back,6'0,174lbs,52,50,51,52,52,58,64,67,70,65,62,43,65,64,49,48,67,54,68,50,50,37,65,72,56,73,71,63,71,64,75,74,29,48,41,73,74,76,73,12,13,14,13,6,,55.15789474,59,58.1,73.5
3503,D. Gonzo,22,Paraguay,72,78,,0,€ 0,1828,Right,1,3,3,High,Medium,High/ Medium,Normal,No,Wide Midfielder,5'9,161lbs,69,71,72,71,71,65,57,53,47,54,62,71,56,68,60,76,59,33,59,72,81,85,86,69,83,69,73,72,58,66,51,34,72,69,66,61,30,43,33,15,15,15,14,13,,56,76.85714286,63,53.75
3550,S. Nakamura,40,Japan,72,72,Júbilo Iwata,0,€4K,1781,Left,3,3,3,High,Low,High/ Low,Lean,No,Attacking Midfielder,5'10,157lbs,63,67,67,70,66,69,53,55,44,48,80,65,28,78,78,70,87,88,77,76,32,30,75,76,69,79,64,45,65,77,30,33,68,74,83,77,40,38,34,8,6,7,15,6,,64.21052632,54.28571429,60.2,54
3562,B. Méndez,18,Uruguay,72,82,,0,€ 0,1551,Right,1,3,2,Medium,Medium,Medium/ Medium,Stocky,No,Centre Back,5'10,170lbs,45,42,42,44,46,51,60,65,71,64,25,25,77,64,31,33,25,24,61,48,64,66,72,63,69,37,85,78,78,20,70,69,27,28,38,50,73,72,71,12,10,13,13,10,,41,73.14285714,53,63
3625,R. Varga,28,Hungary,72,72,,0,€ 0,1857,Right,1,4,3,Medium,Medium,Medium/ Medium,Lean,No,Winger,6'0,174lbs,71,71,72,70,71,63,54,50,46,51,70,66,69,69,67,71,72,77,53,72,85,82,74,68,69,71,81,72,68,69,62,25,75,69,63,73,34,28,18,15,13,9,11,10,,58.57894737,75.85714286,61.9,57
3630,B. Caicedo,26,Ecuador,72,75,,0,€ 0,1823,Left,1,2,3,Medium,Medium,Medium/ Medium,Lean,No,Full Back,5'11,159lbs,57,60,64,61,65,62,71,67,65,70,69,51,44,72,40,66,55,59,66,63,87,84,80,72,71,52,63,70,57,56,64,70,45,40,59,52,66,73,72,11,9,13,10,14,,55.15789474,73.14285714,64.2,64.5
3631,A. Silbeira,22,Paraguay,72,72,,0,€ 0,1136,Right,1,3,1,Medium,Medium,Medium/ Medium,Lean,No,Goal Keeper,6'3,207lbs,,,,,,,,,,,19,12,20,38,12,16,16,12,21,30,41,40,54,73,46,19,59,36,72,12,24,17,14,13,30,27,16,14,15,71,70,62,70,72,,17.31578947,49.71428571,,35.25
3710,Y. Ouattara,34,Ivory Coa,72,72,,0,€ 0,1816,Left,1,5,3,High,Medium,High/ Medium,Normal,No,Winger,5'9,157lbs,67,70,71,70,71,63,54,49,39,50,72,64,45,70,77,75,80,74,60,71,87,74,86,69,83,74,58,71,57,61,42,32,73,63,73,72,17,28,21,8,15,15,13,8,,57.78947368,73.71428571,60.4,53.75
3736,D. Dibusz,27,Hungary,72,73,,0,€ 0,947,Right,1,3,1,Medium,Medium,Medium/ Medium,Normal,No,Goal Keeper,6'2,179lbs,,,,,,,,,,,14,15,18,23,16,16,14,19,22,20,27,20,21,68,21,19,34,19,36,17,20,19,13,18,19,65,12,15,18,73,67,70,70,74,,16.21052632,25.42857143,,43
3786,P. Da Silva,38,Paraguay,72,72,,0,€ 0,1703,Right,2,3,2,Low,High,Low/ High,Normal,No,Centre Back,5'11,168lbs,50,48,48,51,49,57,60,65,70,62,55,29,80,62,59,52,56,48,60,57,34,32,60,67,60,66,79,55,81,56,71,70,26,55,63,70,70,70,73,9,8,15,16,9,,54.57894737,57.28571429,56,69.5
3898,A. Fiola,28,Hungary,72,72,,0,€ 0,1735,Right,1,3,2,Medium,High,Medium/ High,Normal,No,Full Back,6'0,154lbs,53,55,59,57,62,61,69,67,68,70,72,24,68,65,33,57,45,30,64,64,77,71,73,64,65,42,72,83,61,43,79,66,58,49,53,54,64,73,76,9,13,7,9,6,,51.57894737,71.71428571,62.1,65.75
3943,W. Ángel,25,Venezuela,72,78,,0,€ 0,1486,Right,1,3,2,Medium,High,Medium/ High,Normal,No,Centre Back,6'2,185lbs,46,44,43,45,46,51,60,64,71,62,34,21,70,58,24,38,32,25,50,57,53,61,39,68,42,42,76,62,89,37,77,73,27,34,36,63,72,70,66,12,9,10,10,12,,41.73684211,60.28571429,53.2,70.25
3971,O. Skúlason,35,Iceland,71,71,,0,€ 0,1877,Right,2,4,2,Medium,High,Medium/ High,Stocky,No,Defensive Midfielder,6'0,179lbs,63,63,62,63,64,67,67,69,69,67,58,48,67,68,59,58,46,57,67,66,65,65,59,68,62,70,81,84,75,66,80,69,65,66,60,70,70,69,64,7,6,6,10,16,,59.15789474,70.14285714,65.4,71.75
4121,J. Campos,30,Bolivia,71,71,,0,€ 0,1744,Left,1,3,3,Medium,Low,Medium/ Low,Lean,No,Attacking Midfielder,5'9,141lbs,63,67,68,69,68,65,51,49,37,46,64,58,45,72,63,72,78,75,64,78,66,64,71,63,79,68,57,78,62,74,39,29,61,72,81,64,10,21,23,9,16,15,10,7,,56.78947368,68.14285714,58.3,48.75
4191,L. Kleinheisler,24,Hungary,71,76,,0,€ 0,1921,Right,1,4,3,High,High,High/ High,Normal,No,Centre Midfielder,5'8,154lbs,66,69,69,69,69,68,67,66,62,65,65,64,44,73,48,71,72,61,66,68,77,71,82,73,81,75,63,77,64,70,77,59,68,66,58,65,62,63,59,7,12,7,6,12,,60.68421053,73.57142857,67,68.5
4217,Shikabala,32,Egypt,71,71,,0,€ 0,1863,Left,1,3,5,Medium,Low,Medium/ Low,Normal,No,Winger,6'0,163lbs,68,70,70,70,70,64,60,55,50,57,64,67,43,64,75,77,78,75,61,75,76,78,76,67,72,78,54,71,71,73,34,29,65,68,69,75,48,43,59,6,10,16,8,13,,62.21052632,71.14285714,63.4,51.25
4228,B. Nivet,41,France,71,71,ESTAC Troyes,0,€5K,1785,Right,2,3,3,Medium,Medium,Medium/ Medium,Normal,No,Attacking Midfielder,5'10,165lbs,65,68,66,70,65,70,57,62,56,55,67,69,58,75,67,68,73,71,72,76,39,40,59,70,67,75,30,41,56,72,58,54,65,83,76,82,58,56,43,11,7,8,14,7,,64.42105263,47.42857143,63.4,66
4257,J. Riojas,30,Paraguay,71,71,,0,€ 0,1776,Right,1,3,3,High,Low,High/ Low,Normal,No,Wide Midfielder,5'9,163lbs,68,70,71,69,70,61,55,49,44,52,69,63,58,66,52,73,73,46,51,70,89,88,81,67,79,78,51,63,60,64,60,29,70,66,57,63,24,34,32,13,13,11,10,16,,55.05263158,73,60.9,54.75
4274,M. Korhut,29,Hungary,71,71,,0,€ 0,1667,Left,1,3,3,High,Medium,High/ Medium,Normal,No,Full Back,5'11,168lbs,51,56,60,57,63,59,69,65,67,69,72,28,59,56,24,66,41,36,53,69,76,75,68,72,69,24,64,71,66,26,72,66,55,52,35,65,69,72,72,14,15,7,11,12,,47.84210526,69.85714286,61.6,68.75
4298,J. Sambenito,26,Paraguay,71,74,,0,€ 0,1651,Right,1,3,2,High,Medium,High/ Medium,Lean,No,Striker,6'0,190lbs,70,67,64,63,62,55,43,41,38,41,40,74,72,57,72,60,64,42,42,63,79,72,61,69,64,73,69,67,72,67,49,14,75,60,67,74,15,16,16,15,16,15,7,7,,51.31578947,69.14285714,54.4,51.5
4321,M. Suárez,22,Uruguay,71,78,,0,€ 0,1767,Right,1,4,2,Medium,High,Medium/ High,Normal,No,Full Back,6'0,176lbs,51,50,53,51,56,56,68,66,70,69,69,24,65,67,29,53,41,50,65,42,74,75,70,62,79,60,81,80,74,51,65,71,46,39,54,65,74,77,73,13,13,13,7,11,,51.52631579,76.14285714,59,65.75
4387,B. Angulo,22,Ecuador,71,77,,0,€ 0,1628,Right,1,4,3,High,Low,High/ Low,Normal,No,Striker,6'0,154lbs,70,68,67,63,65,54,47,39,36,44,50,78,69,56,46,76,58,58,33,71,82,79,78,73,64,72,69,77,69,54,28,16,62,45,82,51,11,18,12,11,8,10,7,6,,50.05263158,74,55.3,42
4667,Z. Kalmár,23,Hungary,71,78,,0,€ 0,1805,Right,1,3,3,Medium,Medium,Medium/ Medium,Normal,No,Centre Midfielder,6'1,172lbs,65,68,68,69,67,67,59,59,53,57,65,65,54,71,59,71,70,63,66,73,61,63,74,71,63,73,68,58,57,74,47,48,59,74,59,70,57,45,43,14,7,12,15,6,,60.05263158,63.42857143,63.2,59
4707,E. Conde,35,Uruguay,71,71,,0,€ 0,994,Right,1,3,1,Medium,Medium,Medium/ Medium,Normal,No,Goal Keeper,6'2,187lbs,,,,,,,,,,,20,12,12,19,12,13,19,23,25,21,36,26,29,68,31,12,33,28,26,13,33,26,12,42,17,38,18,11,11,71,72,62,71,70,,16.42105263,29.85714286,,41.25
4823,P. Anton,27,Romania,70,73,,0,€ 0,1807,Right,1,3,2,Medium,High,Medium/ High,Normal,No,Defensive Midfielder,6'0,181lbs,59,60,59,61,61,66,65,69,66,65,59,49,64,69,49,49,70,59,80,72,59,59,62,71,59,69,59,75,67,68,73,70,49,59,49,69,66,64,59,8,14,9,11,8,,58.05263158,62.85714286,63.1,70.75
4876,D. Keet,28,South Afr,70,71,,0,€ 0,1190,Left,1,2,1,Medium,Medium,Medium/ Medium,Normal,No,Goal Keeper,6'0,170lbs,,,,,,,,,,,11,12,13,33,19,22,17,13,43,32,45,44,41,65,46,37,77,27,68,13,17,16,14,42,34,30,15,10,17,72,69,68,67,71,,20.89473684,49.71428571,,32
4945,H. Vaca,20,Bolivia,70,78,,0,€ 0,1763,Left,1,3,3,High,Low,High/ Low,Lean,No,Wide Midfielder,5'6,132lbs,62,66,68,67,69,63,56,51,41,52,69,67,35,67,71,73,58,62,66,64,79,77,80,59,91,70,59,84,46,58,38,27,64,68,71,60,38,32,40,7,10,14,14,5,,56.47368421,73.71428571,59.5,46
4991,M. Trávník,24,Czech Rep,70,76,,0,€ 0,1828,Right,1,3,3,Medium,Medium,Medium/ Medium,Normal,No,Centre Midfielder,5'9,154lbs,60,64,64,67,66,68,65,65,60,63,65,46,54,74,45,67,72,63,66,72,64,57,73,66,74,74,60,76,57,68,62,61,59,72,63,71,57,63,58,7,9,5,6,13,,59.89473684,65.85714286,64.2,65
5018,R. Raldes,37,Bolivia,70,70,,0,€ 0,1574,Right,1,3,2,Medium,Medium,Medium/ Medium,Normal,No,,5'11,172lbs,,,,,,,,,,,25,36,72,56,19,41,32,51,33,57,47,46,59,66,58,74,58,53,75,47,74,65,26,48,77,64,79,70,70,16,8,11,12,13,,48.05263158,56.57142857,,67.25
5051,E. Koulouris,22,Greece,70,78,,0,€ 0,1571,Right,1,3,3,High,Low,High/ Low,Normal,No,Striker,6'1,181lbs,69,67,64,63,62,55,44,42,39,42,39,74,72,55,61,65,52,30,48,71,69,73,65,64,65,66,64,66,68,63,30,14,76,53,54,62,38,13,18,6,12,11,6,10,,49.89473684,67.14285714,54.7,42.5
5061,P. Mahlambi,20,South Afr,70,84,,0,€ 0,1694,Right,1,4,3,High,Medium,High/ Medium,Lean,No,Attacking Midfielder,5'8,154lbs,64,68,70,68,69,62,56,51,45,53,65,70,43,69,51,74,56,52,54,72,88,83,62,53,77,55,54,61,49,61,48,33,66,68,62,51,41,41,37,11,6,13,11,8,,54.57894737,67.71428571,60.6,46.25
5082,J. Paredes,30,Ecuador,70,70,,0,€ 0,1825,Right,1,3,3,High,Medium,High/ Medium,Lean,No,Full Back,5'9,159lbs,56,59,62,61,63,63,69,67,66,69,62,33,57,65,43,69,56,27,67,67,76,81,90,74,85,66,71,76,61,59,55,70,40,52,52,72,68,69,67,16,15,7,14,15,,53.63157895,77.14285714,63.5,67.75
5126,L. Cáceda,30,Paraguay,70,70,,0,€ 0,1381,Right,1,2,2,Low,Medium,Low/ Medium,Lean,No,Centre Back,6'3,196lbs,43,40,39,39,41,44,56,59,68,60,25,20,65,49,25,33,25,24,39,49,58,61,40,64,43,36,55,57,87,21,76,66,34,25,36,45,69,73,72,8,11,9,10,16,,37.89473684,57.28571429,48.9,62.75
5245,R. Cardozo,28,Bolivia,70,70,,0,€ 0,1778,Left,1,1,3,Medium,Medium,Medium/ Medium,Normal,No,Wide Midfielder,5'7,152lbs,62,66,67,67,68,66,65,61,54,63,68,60,46,68,42,67,53,57,66,66,73,75,73,73,76,63,48,85,44,58,39,48,65,70,64,63,61,58,57,9,7,12,12,15,,57.31578947,67.71428571,63.9,55.75
5272,C. Deac,32,Romania,70,70,,0,€ 0,1889,Left,1,3,3,High,Medium,High/ Medium,Normal,No,Centre Midfielder,5'10,163lbs,65,66,67,67,68,68,68,67,63,67,70,63,49,74,61,63,62,67,62,69,64,65,72,74,65,74,50,84,70,65,66,63,63,69,66,64,54,67,65,7,14,9,9,14,,61.21052632,67.14285714,66.6,66.75
5276,S. Manolev,32,Bulgaria,70,70,,0,€ 0,1905,Right,2,3,3,High,Medium,High/ Medium,Normal,No,Full Back,6'1,174lbs,65,66,67,66,69,66,70,67,67,69,72,58,63,68,53,73,66,51,68,71,72,74,69,69,57,69,71,86,72,55,80,59,64,55,59,64,55,70,74,6,15,15,7,9,,60.21052632,71.57142857,67.2,68
5387,I. Nedelcearu,22,Romania,70,78,,0,€ 0,1577,Right,1,4,2,Medium,High,Medium/ High,Normal,No,Centre Back,6'3,174lbs,49,48,47,49,51,55,60,65,69,62,37,33,68,57,35,53,31,36,70,52,58,61,47,67,55,42,73,67,77,25,83,66,34,43,46,61,64,73,72,6,13,14,14,5,,45.84210526,62.57142857,55.5,69.25
5432,K. Árnason,35,Iceland,70,70,,0,€ 0,1650,Right,1,2,2,Low,Medium,Low/ Medium,Normal,No,Centre Back,6'3,181lbs,53,50,48,51,49,57,57,65,69,58,48,43,68,59,43,49,52,51,62,53,30,30,34,66,59,70,80,55,84,53,78,76,41,60,52,74,76,63,58,12,15,10,13,7,,52.68421053,53.14285714,55.7,73.5
5505,J. Silbeira,22,Paraguay,70,72,,0,€ 0,1156,Right,1,2,1,Medium,Medium,Medium/ Medium,Stocky,No,Goal Keeper,6'1,201lbs,,,,,,,,,,,19,14,14,32,14,17,15,22,27,20,46,43,46,69,44,26,59,51,48,19,47,20,12,17,29,55,22,13,12,71,68,60,68,72,,18.10526316,48.14285714,,47.75
5543,M. Pátkai,30,Hungary,70,70,,0,€ 0,1855,Right,1,3,3,Medium,Medium,Medium/ Medium,Normal,No,Defensive Midfielder,5'8,141lbs,61,64,65,67,65,68,67,69,64,67,52,56,53,74,74,63,69,54,71,70,74,72,79,66,70,62,53,72,45,69,68,73,53,70,47,64,68,68,67,7,7,7,6,16,,60,66.42857143,65.7,67.75
5587,D. Ndlovu,28,South Afr,70,70,,0,€ 0,1610,Left,1,3,3,High,Low,High/ Low,Stocky,No,Striker,5'9,165lbs,69,68,66,64,63,54,46,41,39,44,36,76,62,56,64,72,45,32,32,71,85,82,60,56,75,75,64,65,59,65,36,24,68,56,70,56,25,23,20,7,11,12,11,15,,49.89473684,70,55.4,43
5595,D. Böde,31,Hungary,70,70,,0,€ 0,1745,Right,1,4,2,Medium,Medium,Medium/ Medium,Normal,No,Striker,6'3,187lbs,68,65,65,64,64,60,51,51,50,49,67,74,72,69,72,58,55,44,59,66,64,66,59,58,69,69,83,54,92,59,68,40,69,67,50,80,21,29,36,9,16,6,9,16,,54.52631579,69.57142857,58.7,61.5
5614,A. Fathi,33,Egypt,70,70,,0,€ 0,1917,Right,2,4,3,High,Medium,High/ Medium,Normal,No,Full Back,5'9,168lbs,64,66,67,66,67,67,69,69,68,69,70,59,50,64,62,67,65,35,72,66,77,74,73,67,68,72,57,70,69,69,77,69,66,67,57,65,75,71,68,15,6,9,15,16,,60.78947368,69.71428571,67.2,69.5
5656,N. Bodurov,32,Bulgaria,69,69,,0,€ 0,1660,Right,1,3,2,Medium,High,Medium/ High,Normal,No,Centre Back,5'11,163lbs,50,51,53,53,56,57,64,64,67,65,61,23,67,62,32,53,46,42,56,56,64,64,63,65,69,45,70,71,74,32,73,66,47,53,55,64,64,74,64,9,13,9,7,11,,49.05263158,67.85714286,58,67
5693,O. Ruisalvo,26,Paraguay,69,69,,0,€ 0,1774,Left,1,4,3,High,Medium,High/ Medium,Lean,No,Wide Midfielder,5'5,150lbs,66,67,68,67,67,62,54,49,43,52,68,69,65,70,65,69,65,62,64,67,75,74,81,64,84,67,70,68,45,66,32,26,64,61,72,60,29,38,33,12,15,14,8,12,,57.57894737,71,59.5,45.5
5777,B. Sangaré,32,Ivory Coa,69,69,,0,€ 0,1142,Right,1,3,1,Medium,Medium,Medium/ Medium,Normal,No,Goal Keeper,5'11,172lbs,,,,,,,,,,,14,13,16,30,19,19,15,19,25,18,45,40,38,68,63,19,65,24,65,19,28,19,19,29,19,49,16,20,20,73,67,63,67,68,,18.36842105,48.57142857,,41
5795,H. Halldórsson,34,Iceland,69,69,,0,€ 0,1108,Right,1,2,1,Medium,Medium,Medium/ Medium,Normal,No,Goal Keeper,6'4,194lbs,,,,,,,,,,,18,8,9,36,9,10,11,13,26,16,25,48,25,67,59,48,68,31,65,12,21,13,9,27,41,54,26,18,15,70,62,62,69,71,,18.52631579,45.85714286,,38.75
5883,C. Cáceda,26,Peru,69,73,,0,€ 0,973,Right,1,2,1,Medium,Medium,Medium/ Medium,Normal,No,Goal Keeper,6'0,165lbs,,,,,,,,,,,10,8,12,23,8,11,11,12,21,17,33,26,31,54,48,15,67,32,56,9,29,6,5,25,18,49,17,12,11,69,69,65,71,72,,12.89473684,41.85714286,,34.5
5895,H. Kekana,33,South Afr,69,69,,0,€ 0,1945,Right,1,4,3,High,High,High/ High,Lean,No,Defensive Midfielder,5'9,161lbs,68,68,66,68,67,70,67,68,64,66,61,65,53,67,69,63,62,59,73,66,69,69,60,78,68,88,75,84,72,86,81,69,62,72,56,77,30,74,69,7,9,11,11,7,,61.84210526,71,67.2,76.25
5913,M. Hamdy,23,Egypt,69,79,,0,€ 0,1588,Right,1,3,2,Medium,Medium,Medium/ Medium,Normal,No,Centre Back,5'8,159lbs,49,46,45,44,46,46,59,58,67,62,38,37,64,45,42,38,46,37,37,46,70,66,60,65,78,52,77,60,70,33,59,68,40,35,54,57,73,78,71,5,9,13,14,8,,45.57894737,68.71428571,52.2,62.25
5921,R. Romo,28,Venezuela,69,71,,0,€ 0,1105,Right,1,2,1,Medium,Medium,Medium/ Medium,Normal,No,Goal Keeper,6'6,187lbs,,,,,,,,,,,11,15,11,22,10,13,14,13,33,21,50,50,48,71,28,21,74,28,66,13,23,26,18,36,20,61,14,11,14,65,63,61,69,73,,16.31578947,49.14285714,,45.25
5922,A. Corzo,29,Peru,69,69,,0,€ 0,1677,Right,1,3,3,Medium,Medium,Medium/ Medium,Normal,No,Full Back,5'8,165lbs,53,56,58,56,59,58,66,62,64,67,69,18,68,59,31,63,46,50,53,65,72,68,72,63,73,59,43,67,55,49,53,66,59,48,43,50,68,73,70,15,12,8,13,6,,52.15789474,64.28571429,59.9,58
5940,B. Mkhwanazi,28,South Afr,69,70,,0,€ 0,1548,Right,1,3,2,Medium,Medium,Medium/ Medium,Normal,No,Centre Back,6'0,165lbs,44,42,43,43,47,50,61,63,67,63,43,24,66,59,32,39,24,32,68,41,69,67,54,62,66,53,73,72,75,22,61,61,20,35,44,66,72,78,71,15,9,14,11,16,,43.31578947,68,52.3,62.5
5943,G. Mandjeck,29,Cameroon,69,69,,0,€ 0,1780,Right,1,3,2,Medium,High,Medium/ High,Normal,No,Centre Midfielder,6'1,170lbs,59,60,60,61,62,64,66,68,68,66,48,43,65,66,42,63,45,48,66,65,73,71,74,66,59,59,67,83,78,40,79,69,58,60,39,65,58,70,67,16,15,8,12,8,,52.73684211,72.14285714,63.4,69.75
5988,A. Giannou,28,Australia,69,69,,0,€ 0,1590,Right,1,3,3,High,Medium,High/ Medium,Normal,No,Striker,6'1,174lbs,68,64,61,60,60,55,44,44,42,42,41,73,75,61,58,63,39,34,53,65,60,69,55,57,56,71,71,64,75,66,59,25,72,43,66,56,19,22,19,13,7,15,14,10,,49.47368421,64.28571429,54,49.25
6017,A. Šporar,24,Slovenia,69,76,,0,€ 0,1685,Right,1,4,3,Medium,Low,Medium/ Low,Normal,No,Striker,6'1,181lbs,68,68,69,68,69,60,48,43,36,44,68,69,65,68,72,70,59,49,56,74,77,76,75,54,66,69,71,72,67,59,42,11,70,70,69,68,15,11,18,9,12,7,8,7,,54.2631579,72,57.3,43.75
6021,A. Ashraf,27,Egypt,69,69,,0,€ 0,1761,Left,1,3,3,Medium,Medium,Medium/ Medium,Normal,No,Wide Midfielder,5'9,161lbs,65,68,68,68,68,64,56,56,50,53,65,68,45,74,63,69,59,62,66,71,76,72,60,66,77,66,48,59,64,61,60,25,67,61,64,71,58,49,26,16,7,14,9,14,,57.57894737,65.14285714,61.6,55.5
6332,C. Mo?i,33,Romania,69,69,,0,€ 0,1606,Right,1,3,2,Low,High,Low/ High,Normal,No,Centre Back,6'0,172lbs,47,46,49,48,52,52,62,63,67,64,58,31,65,55,36,44,39,42,62,55,66,63,58,71,55,33,65,69,74,28,84,62,34,35,54,51,70,71,65,16,9,16,14,7,,46.15789474,64.28571429,55,67
6354,Vinícius,28,Hungary,69,69,,0,€ 0,1450,Right,1,2,2,Medium,Medium,Medium/ Medium,Normal,No,Centre Back,6'0,168lbs,47,43,42,41,43,44,56,58,67,61,19,32,71,42,28,33,22,21,35,51,68,72,59,72,57,44,58,66,78,21,71,62,31,28,42,64,68,74,69,15,5,8,13,15,,38.47368421,65.42857143,50.2,67.25
6407,S. Ekramy,34,Egypt,69,69,,0,€ 0,1155,Right,1,3,1,Medium,Medium,Medium/ Medium,Normal,No,Goal Keeper,6'4,205lbs,,,,,,,,,,,14,13,14,26,15,12,14,13,31,24,60,55,42,57,55,23,68,23,64,13,36,15,10,44,15,55,19,12,14,65,69,77,64,79,,17.15789474,52.42857143,,40.75
6413,G. Lovrencsics,29,Hungary,69,69,,0,€ 0,1971,Right,1,4,3,High,Medium,High/ Medium,Normal,No,Full Back,5'10,174lbs,68,69,70,68,69,66,69,66,66,68,68,63,64,65,58,70,67,46,59,71,90,82,78,72,75,80,85,73,71,72,61,74,59,64,70,67,63,62,55,7,11,13,15,8,,60.84210526,79.14285714,67.9,68.5
6511,A. Lang,25,Hungary,69,71,,0,€ 0,1577,Right,1,3,2,Medium,Medium,Medium/ Medium,Normal,No,Centre Back,6'2,183lbs,50,46,47,45,47,49,60,60,68,63,49,36,70,52,30,32,28,50,48,59,57,63,59,59,67,48,71,56,73,43,64,71,46,26,56,63,67,73,71,6,9,13,9,16,,46.52631579,63.71428571,53.5,64.25
6539,A. Kovácsik,27,Hungary,69,70,,0,€ 0,1205,Right,1,2,1,Medium,Medium,Medium/ Medium,Normal,No,Goal Keeper,6'4,179lbs,,,,,,,,,,,13,20,10,32,16,17,14,14,33,21,53,43,65,60,55,36,75,35,65,16,45,22,11,13,33,56,17,15,14,69,64,63,71,75,,18.15789474,55.85714286,,45.75
6542,J. Orejuela,25,Ecuador,69,76,,0,€ 0,1770,Right,1,3,2,Medium,Medium,Medium/ Medium,Lean,No,Centre Midfielder,5'10,157lbs,60,60,59,61,61,65,66,67,66,66,51,51,64,72,18,55,46,63,69,63,69,66,62,70,70,72,55,82,69,59,60,67,48,60,55,69,65,69,64,13,5,13,14,11,,54.94736842,67.57142857,63.1,66.5
6599,C. Manea,20,Romania,69,81,,0,€ 0,1719,Right,1,2,2,Medium,High,Medium/ High,Normal,No,Full Back,6'0,170lbs,53,54,56,55,59,59,67,65,65,67,64,26,59,62,54,53,58,55,63,63,73,72,68,67,64,56,68,85,68,41,56,62,53,47,35,60,67,73,65,10,9,6,7,10,,52.31578947,71.14285714,60,61.25
6639,I. Hagi,19,Romania,68,82,,0,€ 0,1732,Right,1,4,3,High,Medium,High/ Medium,Normal,No,Attacking Midfielder,5'11,154lbs,65,66,67,67,67,63,54,53,45,51,62,63,53,72,54,68,80,65,63,73,74,70,69,63,69,67,41,68,62,67,57,32,64,59,56,63,38,31,33,6,9,16,15,13,,56.21052632,64.71428571,59.8,53.75
6644,M. Bagayoko,28,Ivory Coa,68,68,,0,€ 0,1629,Right,1,3,3,High,Medium,High/ Medium,Lean,No,Full Back,5'9,148lbs,49,54,58,56,60,57,66,63,65,66,69,21,52,56,26,63,27,33,51,67,76,74,77,61,78,31,70,72,61,25,71,62,56,53,45,58,74,66,70,7,12,8,6,9,,46.57894737,72.57142857,59.4,63
6679,V. Bozhikov,30,Bulgaria,68,68,,0,€ 0,1582,Left,1,3,2,Medium,High,Medium/ High,Normal,No,Full Back,6'1,176lbs,49,49,52,50,54,53,64,62,67,65,65,37,60,60,30,42,28,24,49,55,68,66,70,63,69,26,80,66,77,38,67,66,49,39,35,61,64,73,70,7,12,7,11,9,,44.42105263,70.85714286,56.5,64.25
6717,A. Gabr,29,Egypt,68,68,,0,€ 0,1514,Right,1,2,2,Medium,Medium,Medium/ Medium,Normal,No,Centre Back,6'3,194lbs,45,43,43,45,46,50,59,62,67,61,34,25,63,59,33,42,34,22,66,44,65,62,63,55,60,56,66,66,78,42,67,63,22,35,24,65,72,71,75,14,7,14,8,7,,43.10526316,65.71428571,52.1,62.5
6725,J. Carvallo,32,Peru,68,68,,0,€ 0,1094,Right,1,2,1,Medium,Medium,Medium/ Medium,Normal,No,Goal Keeper,6'0,181lbs,,,,,,,,,,,13,10,12,24,14,20,13,20,24,19,52,54,46,64,55,24,52,30,45,16,43,22,13,23,13,50,10,12,13,73,67,69,68,61,,15.42105263,47.71428571,,44.75
6736,J. Arce,33,Bolivia,68,68,,0,€ 0,1664,Left,1,3,3,High,Low,High/ Low,Lean,No,,5'9,154lbs,,,,,,,,,,,64,73,65,64,52,67,40,36,50,70,71,74,73,61,75,61,63,73,41,61,48,36,67,63,69,67,12,34,33,16,13,15,16,8,,51.63157895,67.14285714,,53
6804,O. Gaber,26,Egypt,68,71,,0,€ 0,1832,Right,1,3,2,Medium,High,Medium/ High,Normal,No,Full Back,5'9,157lbs,61,61,63,63,64,65,67,68,67,67,63,52,63,72,56,62,46,46,72,70,75,74,72,67,78,70,56,73,74,62,76,62,39,58,46,69,69,67,63,8,10,13,12,6,,56.63157895,71.71428571,64.6,68.5
6841,N. Bancu,25,Romania,68,69,,0,€ 0,1748,Left,1,2,3,Medium,Medium,Medium/ Medium,Normal,No,Full Back,5'10,143lbs,62,64,65,64,67,62,65,62,60,64,68,50,47,67,35,68,39,32,58,65,82,74,80,65,76,79,59,80,61,38,68,48,69,63,32,67,72,59,58,11,8,15,13,9,,52.57894737,73.14285714,63.5,62
6866,J. Koprivec,29,Slovenia,68,68,,0,€ 0,1103,Right,1,1,1,Medium,Medium,Medium/ Medium,Normal,No,Goal Keeper,6'1,179lbs,,,,,,,,,,,15,14,10,22,12,18,16,11,31,23,51,49,48,60,40,28,70,26,61,17,27,19,9,32,21,64,12,13,14,69,65,60,68,72,,16.73684211,49.28571429,,42.5
6900,P. Iliev,26,Bulgaria,68,72,,0,€ 0,1149,Right,1,3,1,Medium,Medium,Medium/ Medium,Lean,No,Goal Keeper,6'0,152lbs,,,,,,,,,,,17,12,19,27,13,13,19,15,19,18,50,48,54,58,59,15,78,38,52,16,33,22,14,31,15,42,21,20,12,69,60,67,70,75,,16.63157895,54.14285714,,38.75
7121,S. Slavchev,24,Bulgaria,68,73,,0,€ 0,1777,Right,1,3,3,Medium,Medium,Medium/ Medium,Lean,No,Defensive Midfielder,6'1,172lbs,60,62,62,65,62,67,64,68,66,64,43,61,59,71,32,68,63,64,68,70,59,57,65,66,62,52,56,71,73,62,75,70,49,67,43,69,55,70,70,8,14,9,9,16,,56.15789474,63.28571429,64,70
7152,J. Cifuente,25,Ecuador,68,70,,0,€ 0,1540,Right,1,4,3,Medium,Medium,Medium/ Medium,Normal,No,Striker,5'10,170lbs,67,64,62,59,58,49,40,36,35,38,30,77,71,47,61,76,64,42,30,73,72,69,68,54,65,75,64,52,58,68,31,17,54,42,68,51,19,15,20,15,10,13,5,15,,49.05263158,64,50.8,38.25
7251,T. Nedelev,25,Bulgaria,68,73,,0,€ 0,1683,Left,1,3,3,Medium,Medium,Medium/ Medium,Normal,No,Wide Midfielder,5'9,154lbs,64,67,68,67,67,60,51,47,39,47,65,66,49,67,53,73,69,68,60,68,78,75,78,58,76,72,54,60,50,67,28,23,62,66,64,59,43,25,22,10,9,8,7,10,,55.73684211,67.28571429,57.7,42
7256,S. Xulu,26,South Afr,68,70,,0,€ 0,1786,Right,1,3,2,Medium,Medium,Medium/ Medium,Normal,No,Centre Back,6'2,168lbs,57,56,57,56,59,59,65,65,67,66,60,47,64,63,52,48,57,60,65,61,71,77,70,62,58,53,69,73,71,52,72,62,52,46,64,62,65,73,67,15,8,10,9,10,,55.21052632,69.85714286,60.7,64.5
7261,T. Tzimopoulos,32,New Zeala,68,68,,0,€ 0,1606,Right,1,3,2,Low,High,Low/ High,Stocky,No,Centre Back,6'2,181lbs,53,53,51,55,54,60,59,65,67,60,44,35,71,65,31,52,33,37,64,56,54,49,44,63,45,52,73,73,83,47,90,64,47,61,41,70,62,64,61,7,16,7,6,9,,48.57894737,60.14285714,57.7,71.75
7491,S. Hlanti,28,South Afr,68,68,,0,€ 0,1633,Left,1,3,3,Medium,Medium,Medium/ Medium,Normal,No,Full Back,6'0,172lbs,51,55,58,56,62,59,67,64,65,66,75,31,53,58,33,69,51,38,67,66,72,70,52,58,58,41,60,62,66,28,53,68,51,51,43,63,66,76,68,12,13,5,14,5,,50.78947368,62.85714286,60.3,60.5
7535,M. Madisha,23,South Afr,68,76,,0,€ 0,1677,Right,1,4,3,Medium,High,Medium/ High,Normal,No,Centre Back,5'11,165lbs,55,55,56,55,57,57,64,64,67,66,41,58,65,56,33,65,33,41,64,66,72,71,55,61,65,45,68,69,58,35,52,73,35,40,82,65,68,76,73,14,11,8,15,9,,51.36842105,65.42857143,59.6,62.75
7590,H. Eyjólfsson,27,Iceland,68,69,,0,€ 0,1636,Right,1,3,2,Medium,Medium,Medium/ Medium,Normal,No,Centre Back,6'3,190lbs,53,53,54,53,56,55,63,63,67,64,57,38,66,60,33,54,31,38,56,53,73,74,46,64,58,59,71,60,78,44,67,69,38,51,45,62,63,71,66,8,12,11,11,11,,48.57894737,65.71428571,58.1,65.5
7603,A. Modiba,22,South Afr,68,76,,0,€ 0,1752,Left,1,4,3,High,Medium,High/ Medium,Normal,No,Winger,5'7,154lbs,62,66,67,67,68,64,64,59,56,63,66,53,59,69,54,74,60,48,61,71,84,80,71,48,82,59,38,66,51,59,26,42,66,68,53,71,66,69,63,8,9,9,13,7,,58.84210526,67.42857143,63.6,46.75
7639,H. Calcaterra,29,Peru,68,68,,0,€ 0,1783,Right,1,3,3,Medium,Medium,Medium/ Medium,Normal,No,Wide Midfielder,5'9,159lbs,60,64,65,65,67,66,63,61,56,61,72,42,55,74,54,69,65,59,68,72,67,65,61,66,66,68,64,75,60,60,47,53,60,64,67,67,50,55,50,14,15,9,9,8,,58.10526316,65.42857143,62.8,58.25
7672,M. James,24,Canada,67,71,,0,€ 0,1582,Right,1,4,2,Medium,High,Medium/ High,Normal,No,Centre Back,6'3,185lbs,50,50,49,51,51,55,59,63,66,60,34,29,65,64,32,49,44,22,60,58,64,66,47,60,60,54,79,70,84,51,75,64,31,45,40,55,64,64,59,6,8,10,12,12,,45.52631579,67.14285714,55.4,63.5
7829,E. Vega,28,Ecuador,67,68,,0,€ 0,1706,Right,1,3,3,Medium,Medium,Medium/ Medium,Stocky,No,Defensive Midfielder,5'6,152lbs,52,55,56,57,60,62,65,66,64,65,55,19,67,70,12,66,48,59,68,66,68,65,63,64,77,66,66,79,64,41,71,68,38,55,60,54,59,64,62,11,14,9,6,6,,51.31578947,68.85714286,60.2,64.25
7876,A. Ribera,22,Bolivia,67,72,,0,€ 0,1735,Right,1,3,3,Medium,Medium,Medium/ Medium,Lean,No,Wide Midfielder,5'9,154lbs,62,64,65,64,66,62,57,52,45,55,66,58,55,65,65,70,62,58,67,67,73,71,71,60,76,69,61,76,47,63,33,45,64,59,62,63,33,34,47,11,9,14,13,11,,56,67.85714286,59.2,50.25
7905,R. Vasilev,27,Bulgaria,67,67,,0,€ 0,1492,Right,1,2,2,Medium,Medium,Medium/ Medium,Lean,No,Striker,6'1,163lbs,65,60,58,54,56,48,44,40,38,41,38,67,70,55,67,65,54,50,35,67,66,68,62,51,56,71,63,65,67,66,36,44,66,16,45,22,15,13,14,6,12,10,6,6,,46,63.85714286,50.4,38.25
7922,L. Gutiérrez,33,Bolivia,67,67,,0,€ 0,1619,Right,1,3,2,Medium,Medium,Medium/ Medium,Normal,No,,5'11,190lbs,,,,,,,,,,,59,39,59,33,37,44,48,40,35,47,64,61,68,68,60,51,72,78,78,47,76,62,49,45,42,54,72,71,64,11,7,8,12,12,,46.42105263,68.71428571,,65
7990,B. Mitrev,31,Bulgaria,67,67,,0,€ 0,969,Right,1,3,1,Medium,Medium,Medium/ Medium,Normal,No,Goal Keeper,6'0,163lbs,,,,,,,,,,,11,15,19,23,13,16,13,24,21,18,22,19,24,65,53,23,32,29,24,15,21,17,19,31,20,62,21,14,11,60,69,73,66,68,,17.21052632,29,,41.25
8057,D. Mendiseca,22,Paraguay,67,67,,0,€ 0,1608,Left,1,3,2,Low,Medium,Low/ Medium,Normal,No,Full Back,6'0,174lbs,51,52,54,53,56,56,64,64,68,66,55,32,61,56,29,56,45,29,58,62,69,68,57,67,65,35,63,65,73,35,65,68,49,40,36,48,67,75,73,8,6,11,16,14,,47,65.71428571,58.4,62
8061,S. Gbohouo,29,Ivory Coa,67,68,,0,€ 0,1034,Right,1,2,1,Medium,Medium,Medium/ Medium,Normal,No,Goal Keeper,6'3,181lbs,,,,,,,,,,,13,12,11,14,12,11,16,11,13,17,40,42,40,65,55,11,50,30,68,16,31,12,11,36,23,13,15,13,12,66,65,70,65,68,,14.05263158,46.42857143,,30.25
8135,R. Williams,26,South Afr,67,72,,0,€ 0,1166,Right,1,3,1,Medium,Medium,Medium/ Medium,Normal,No,Goal Keeper,6'0,157lbs,,,,,,,,,,,19,16,13,32,15,23,15,23,34,15,51,62,37,64,55,22,61,39,53,19,34,24,14,19,18,19,23,24,13,71,65,62,61,70,,18.78947368,51.14285714,,35.25
8150,G. ?ucudean,27,Romania,67,68,,0,€ 0,1687,Right,1,3,2,Medium,Low,Medium/ Low,Normal,No,Striker,6'2,176lbs,65,63,61,61,60,59,52,52,52,52,49,66,66,61,65,59,44,46,52,67,61,65,62,62,54,76,66,68,83,58,65,35,63,61,64,61,24,47,48,8,11,10,11,10,,53.47368421,65.57142857,57.7,55.75
8273,D. Furman,30,South Afr,67,67,,0,€ 0,1841,Right,1,3,3,Medium,High,Medium/ High,Normal,No,Defensive Midfielder,6'0,161lbs,59,62,62,64,64,65,65,67,63,64,58,60,36,67,58,65,49,57,68,67,68,69,71,59,66,72,72,91,72,69,83,48,41,72,44,65,70,69,68,9,11,16,6,10,,57.36842105,72.71428571,63.5,63.75
8296,B. Baráth,26,Hungary,67,69,,0,€ 0,1599,Right,1,3,2,Medium,Medium,Medium/ Medium,Normal,No,Full Back,6'2,165lbs,52,50,54,50,55,53,65,62,67,66,68,38,68,62,39,48,33,22,54,61,68,77,65,66,62,39,68,69,77,48,75,58,34,25,20,33,71,65,67,9,10,14,10,9,,45.36842105,69.42857143,57.4,58
8441,T. Hamed,29,Egypt,67,67,,0,€ 0,1823,Right,1,2,2,Low,Medium,Low/ Medium,Lean,No,Defensive Midfielder,5'7,148lbs,62,63,63,64,63,64,64,65,66,65,60,63,63,68,49,69,40,61,65,60,66,62,59,62,70,64,63,60,65,60,55,66,59,69,66,64,73,71,67,16,15,12,12,13,,59.31578947,63.57142857,63.9,61.75
8554,I. Bandalovski,31,Bulgaria,67,67,,0,€ 0,1756,Right,1,3,3,Medium,High,Medium/ High,Normal,No,Full Back,6'0,170lbs,57,60,61,60,63,61,66,64,63,65,68,34,50,57,49,63,23,40,65,65,71,74,67,67,75,70,66,72,60,44,77,62,66,58,53,60,69,64,67,14,14,15,6,11,,52.89473684,69.28571429,62,66.5
8590,M. Rivoredo,26,Paraguay,67,67,,0,€ 0,1790,Right,1,3,2,Medium,Medium,Medium/ Medium,Normal,No,Centre Midfielder,6'0,172lbs,57,60,60,62,62,66,65,67,63,64,52,35,58,71,59,65,66,65,67,68,64,65,62,70,59,62,59,79,60,63,73,69,52,62,46,49,62,65,55,9,15,12,6,15,,56.47368421,64,62.6,65.25
8605,S. Chhetri,33,India,67,67,,0,€ 0,1704,Right,1,4,3,High,Medium,High/ Medium,Normal,No,Striker,5'7,154lbs,66,64,63,62,61,54,50,44,43,49,49,71,67,56,68,63,67,68,39,64,76,73,72,62,76,66,60,68,59,67,49,25,65,56,73,67,30,24,44,10,7,11,9,10,,54.57894737,69.14285714,55.6,50.75
8763,L. Mago,23,Venezuela,67,73,,0,€ 0,1671,Left,1,2,2,Medium,Medium,Medium/ Medium,Normal,No,Full Back,6'0,174lbs,52,52,54,52,57,55,65,62,65,65,68,34,64,68,19,56,41,50,63,48,75,78,58,60,56,59,62,68,73,42,66,63,40,39,65,52,66,68,67,12,14,9,8,12,,50.36842105,67.14285714,57.9,60.25
8915,M. Crépeau,24,Canada,66,72,,0,€ 0,1089,Right,1,2,1,Medium,Medium,Medium/ Medium,Stocky,No,Goal Keeper,5'11,198lbs,,,,,,,,,,,19,17,14,28,19,15,16,14,22,19,39,39,46,61,35,23,53,34,69,14,34,17,7,44,23,39,10,17,17,68,61,59,67,69,,17.78947368,45,,37.75
8972,M. Milec,26,Slovenia,66,67,,0,€ 0,1683,Right,1,3,2,High,Medium,High/ Medium,Normal,No,Full Back,5'9,152lbs,56,59,61,60,62,60,65,62,61,65,62,46,54,63,35,60,36,30,62,63,78,76,73,64,70,52,60,75,54,52,69,60,57,53,42,62,62,63,66,8,6,8,11,13,,50.42105263,69.42857143,61.1,63.75
8999,O. Ribera,26,Bolivia,66,69,,0,€ 0,1561,Right,1,2,2,Medium,Medium,Medium/ Medium,Lean,No,Full Back,5'9,154lbs,48,51,54,53,58,57,65,62,60,65,62,30,48,66,27,60,29,30,63,62,69,73,65,54,75,46,58,81,47,22,57,67,42,39,44,51,63,66,64,8,9,9,13,13,,45.42105263,66.85714286,57.3,57.25
9115,J. Narváez,27,Ecuador,66,67,,0,€ 0,1494,Right,1,2,2,Medium,Medium,Medium/ Medium,Lean,No,Full Back,6'0,159lbs,43,48,52,49,55,51,64,58,59,65,66,23,44,53,28,51,28,28,45,55,75,76,71,61,66,25,64,76,43,26,49,64,46,39,34,57,70,65,67,12,6,16,13,9,,41.73684211,67.28571429,54.4,57.75
9152,B. Sævarsson,33,Iceland,66,66,,0,€ 0,1738,Right,1,3,2,Medium,Medium,Medium/ Medium,Lean,No,Full Back,6'2,163lbs,56,56,57,56,59,58,64,62,65,65,62,41,67,58,46,51,58,36,55,60,73,80,64,65,58,56,74,75,73,54,66,62,48,58,49,67,65,66,60,6,12,13,14,13,,52.10526316,71,59.8,65
9165,M. El-Shenawy,29,Egypt,66,68,,0,€ 0,1145,Right,1,2,1,Medium,Medium,Medium/ Medium,Normal,No,Goal Keeper,6'3,190lbs,,,,,,,,,,,10,18,18,39,17,13,17,14,36,21,50,44,39,58,58,23,53,36,64,15,26,25,15,20,32,34,18,21,18,69,66,60,66,66,,19.21052632,49.14285714,,35.75
9373,X. Arreaga,23,Ecuador,66,71,,0,€ 0,1362,Right,1,3,2,Medium,Medium,Medium/ Medium,Lean,No,Centre Back,6'0,165lbs,38,34,33,34,37,41,53,55,65,57,23,18,78,50,27,25,30,22,44,31,60,56,42,44,61,39,70,77,66,17,78,53,28,28,34,44,69,74,71,7,13,8,11,8,,37.2631579,61.71428571,44.7,54.75
9401,G. Valverde,28,Bolivia,66,66,,0,€ 0,1548,Right,1,3,2,Medium,Medium,Medium/ Medium,Normal,No,Centre Back,5'10,168lbs,46,48,52,50,56,55,65,63,65,65,64,25,63,62,30,57,35,31,59,62,64,62,52,61,67,25,59,85,66,27,70,62,39,35,37,48,71,65,66,9,6,12,7,13,,44.89473684,65,56.5,60.25
9568,C. Gonzáles,25,Peru,66,69,,0,€ 0,1728,Right,1,3,3,Medium,Low,Medium/ Low,Normal,No,Centre Midfielder,5'9,152lbs,63,65,65,66,65,64,61,58,52,59,60,62,51,66,58,67,52,62,64,65,68,69,70,63,69,67,46,71,58,65,17,54,65,70,65,58,56,53,52,6,9,12,7,9,,57.89473684,64.42857143,61.8,48
9705,G. Viscarra,25,Bolivia,66,71,,0,€ 0,921,Right,1,3,1,Medium,Medium,Medium/ Medium,Lean,No,Goal Keeper,6'3,176lbs,,,,,,,,,,,11,5,10,24,9,8,13,13,21,14,26,31,23,51,27,18,66,28,60,6,26,7,7,24,17,41,18,12,10,67,64,68,70,67,,12.63157895,37.28571429,,31.25
9905,R. Vargas,23,Bolivia,66,69,,0,€ 0,1632,Right,1,4,3,High,Low,High/ Low,Normal,No,,5'7,143lbs,,,,,,,,,,,52,70,54,57,63,74,57,41,53,72,71,73,79,63,91,62,75,80,33,59,26,17,70,56,67,64,19,24,23,13,11,11,7,9,,51.21052632,71.71428571,,42.5
9911,M. Mohsen,29,Egypt,66,66,,0,€ 0,1562,Right,1,2,3,Medium,Medium,Medium/ Medium,Normal,No,Striker,6'1,179lbs,64,61,60,58,58,50,44,41,42,42,51,66,70,52,52,64,46,32,34,68,66,68,55,52,58,69,73,60,75,56,57,20,65,49,73,60,40,17,16,11,11,10,14,12,,48.42105263,65,52,47.25
9921,J. Intriago,22,Ecuador,66,75,,0,€ 0,1772,Right,1,3,3,Medium,Medium,Medium/ Medium,Lean,No,Centre Midfielder,5'9,152lbs,57,60,61,62,63,64,66,66,64,65,62,30,64,70,31,69,59,58,68,68,71,69,66,63,56,65,64,78,66,55,72,63,52,58,63,55,63,64,63,5,12,9,7,9,,55.89473684,67.14285714,62.8,63.25
10011,S. Jhingan,24,India,65,71,,0,€ 0,1472,Right,1,3,2,Medium,Medium,Medium/ Medium,Normal,No,Centre Back,6'2,163lbs,46,43,42,42,44,45,55,56,64,58,29,26,71,52,25,31,30,30,43,46,69,78,64,58,54,52,80,63,79,33,61,63,27,35,34,64,64,61,60,13,11,7,11,12,,39.42105263,69.57142857,49.5,61.5
10105,J. Méndez,21,Ecuador,65,74,,0,€ 0,1763,Right,1,3,2,Medium,Medium,Medium/ Medium,Normal,No,Centre Midfielder,5'10,154lbs,59,59,60,60,61,62,64,63,63,64,62,56,62,69,48,58,32,54,67,56,70,71,74,66,72,64,66,69,58,62,67,65,52,55,49,57,64,63,59,7,10,9,14,13,,54.31578947,68.57142857,61.5,63.75
10117,R. Kirilov,26,Bulgaria,65,66,,0,€ 0,1568,Right,1,3,3,Medium,Low,Medium/ Low,Lean,No,Winger,5'7,132lbs,58,61,64,62,65,56,49,43,35,46,65,53,59,65,51,71,56,39,59,71,79,79,89,53,89,53,55,68,33,50,29,18,55,51,58,53,36,23,14,6,9,13,5,14,,48.89473684,70.28571429,53.9,38.25
10138,L. Haquin,20,Bolivia,65,72,,0,€ 0,1414,Right,1,3,2,High,Medium,High/ Medium,Lean,No,Centre Back,5'11,168lbs,40,36,35,36,39,44,56,58,64,60,28,21,70,50,26,26,22,26,47,30,57,59,42,71,64,47,73,83,57,21,71,63,18,30,42,42,67,69,69,15,11,14,11,14,,37.31578947,62.14285714,46.8,61.75
10302,S. Torrizales,26,Paraguay,65,68,,0,€ 0,1701,Right,1,3,3,Medium,Medium,Medium/ Medium,Normal,No,Centre Midfielder,5'10,165lbs,59,64,64,65,65,64,58,57,50,56,59,48,48,67,55,68,55,42,65,67,69,68,78,68,79,65,52,67,38,63,49,50,65,67,68,62,57,45,35,8,8,11,11,6,,54.68421053,64.42857143,60.2,57.25
10347,J. Sambenito,26,Paraguay,65,65,,0,€ 0,1575,Right,1,3,3,Medium,Low,Medium/ Low,Normal,No,Striker,5'9,159lbs,64,64,64,63,63,57,46,43,37,44,57,65,64,58,55,65,45,30,53,66,72,70,72,68,75,63,64,58,49,60,49,25,65,59,59,60,14,21,19,10,11,11,16,7,,48.31578947,65.71428571,54.5,50.5
10356,F. Kippe,40,Norway,65,65,Lillestrøm SK,0,€1K,1468,Left,1,3,2,Low,Medium,Low/ Medium,Normal,No,Centre Back,6'4,214lbs,51,45,40,45,41,50,48,58,63,51,33,46,70,56,43,24,51,53,55,49,24,25,27,66,31,70,44,41,93,52,76,63,40,49,62,64,62,58,55,14,9,10,6,11,,48.84210526,40.71428571,49.2,67.25
10360,J. Alondro,30,Paraguay,65,65,,0,€ 0,1538,Left,1,3,2,Low,Medium,Low/ Medium,Normal,No,Full Back,6'2,187lbs,50,49,50,49,53,53,62,62,67,64,57,35,68,59,25,42,27,27,47,54,63,66,54,66,54,34,61,68,82,29,71,65,49,43,33,43,68,68,66,15,11,15,9,7,,43.73684211,64,55.9,61.25
10508,H. Piedra,25,Ecuador,65,71,,0,€ 0,1104,Right,1,3,1,Medium,Medium,Medium/ Medium,Lean,No,Goal Keeper,6'0,172lbs,,,,,,,,,,,15,14,19,31,14,17,20,13,18,24,42,41,59,55,53,21,59,42,54,13,25,24,20,12,28,34,10,20,13,64,65,66,66,67,,16.94736842,50,,34.5
10613,D. Giannoulis,22,Greece,65,73,,0,€ 0,1681,Left,1,2,2,High,Medium,High/ Medium,Lean,No,Full Back,5'10,143lbs,56,58,58,57,60,58,64,60,60,64,62,42,59,55,37,62,44,40,60,58,73,79,64,63,73,65,59,73,47,38,64,65,58,54,47,58,62,62,63,14,5,13,9,12,,50.94736842,66.85714286,59.5,62.5
10628,D. Bejarano,26,Bolivia,65,66,,0,€ 0,1536,Right,1,2,2,Medium,Medium,Medium/ Medium,Normal,No,,5'9,154lbs,,,,,,,,,,,72,48,44,66,31,57,31,29,64,59,68,61,54,65,76,24,58,56,47,29,57,63,38,32,39,57,68,69,68,14,12,11,14,12,,45.68421053,60,,60.5
10726,D. Gazdag,22,Hungary,65,76,,0,€ 0,1658,Right,1,3,3,Medium,Medium,Medium/ Medium,Normal,No,Centre Midfielder,5'10,168lbs,58,63,62,65,63,63,56,57,50,54,45,49,44,71,57,68,59,40,68,67,71,73,70,70,66,61,58,57,54,60,62,52,48,70,47,60,44,36,46,11,7,5,11,11,,51.57894737,64.14285714,59.1,61
10816,B. Tsonev,23,Bulgaria,65,71,,0,€ 0,1554,Right,1,3,3,Medium,Medium,Medium/ Medium,Normal,No,Attacking Midfielder,5'7,143lbs,56,62,62,64,63,61,52,52,45,50,45,48,36,68,42,68,40,40,64,67,74,67,70,66,77,47,51,64,60,41,49,21,63,65,46,67,39,41,46,6,14,13,10,6,,47.68421053,66.14285714,56.7,50.75
10850,N. Loyola,23,Peru,65,69,,0,€ 0,1660,Left,1,2,2,Medium,Medium,Medium/ Medium,Lean,No,Full Back,5'9,141lbs,57,59,61,59,63,60,64,59,57,64,68,53,62,67,48,62,39,40,64,62,72,71,63,60,78,53,52,81,49,40,30,45,52,55,51,59,65,64,65,6,12,6,14,11,,53.15789474,66.57142857,60.3,48.5
10885,L. Justiniano,25,Bolivia,65,68,,0,€ 0,1558,Right,1,3,2,Medium,Medium,Medium/ Medium,Lean,No,Centre Midfielder,5'8,154lbs,47,49,49,50,53,56,62,63,62,62,50,31,60,66,31,44,39,34,65,64,57,57,59,56,79,53,55,77,46,28,67,64,38,41,48,65,66,69,64,8,13,13,6,10,,46.89473684,61.42857143,55.3,63
11247,A. Cicâld?u,20,Romania,64,77,,0,€ 0,1753,Right,1,3,2,Medium,Medium,Medium/ Medium,Normal,No,Centre Midfielder,5'10,168lbs,59,61,60,61,61,62,63,64,63,62,47,52,42,64,36,60,58,42,57,63,68,72,65,69,76,63,73,80,74,57,68,65,58,60,49,51,65,63,56,5,8,14,10,14,,52.21052632,72.57142857,61.6,63.25
11278,D. Cornelius,20,Canada,64,74,,0,€ 0,1387,Left,1,3,2,Medium,High,Medium/ High,Normal,No,Centre Back,6'2,172lbs,40,38,39,39,42,43,54,55,62,57,33,18,62,51,28,32,25,22,45,42,65,68,60,56,59,37,73,66,77,21,70,55,22,30,31,50,64,64,62,13,10,13,7,6,,36.2631579,66.85714286,46.9,57.75
11318,J. Chancellor,26,Venezuela,64,68,,0,€ 0,1302,Right,1,2,2,Low,Medium,Low/ Medium,Normal,No,Centre Back,6'6,190lbs,41,38,37,37,38,41,51,54,62,54,26,23,58,41,20,34,22,20,37,40,51,56,46,65,33,48,52,56,86,29,65,62,24,29,37,53,64,66,58,12,7,9,13,13,,35.57894737,54.28571429,45.3,61.25
11329,A. Ponce,21,Venezuela,64,75,,0,€ 0,1482,Right,1,3,3,Medium,Medium,Medium/ Medium,Normal,No,Striker,5'11,176lbs,63,62,61,59,58,50,41,38,36,39,36,61,58,54,53,68,33,26,39,64,77,74,72,60,59,65,66,56,73,56,42,12,64,47,65,50,19,16,19,8,5,6,15,14,,44.36842105,68.14285714,50.7,41
11470,N. Ferraresi,19,Venezuela,64,74,,0,€ 0,1373,Right,1,3,2,Low,Medium,Low/ Medium,Lean,No,Centre Back,6'2,165lbs,38,35,35,37,39,43,52,56,63,55,27,21,60,55,29,29,27,24,51,30,60,63,46,45,54,40,74,64,78,17,71,59,25,35,42,58,66,66,67,8,8,6,14,12,,37.42105263,62.71428571,45.3,58.25
11506,R. Quiñonez,26,Bolivia,64,67,,0,€ 0,1096,Right,1,1,1,Medium,Medium,Medium/ Medium,Stocky,No,Goal Keeper,6'0,176lbs,,,,,,,,,,,16,17,17,27,18,20,18,16,19,18,44,44,31,50,60,24,53,30,56,12,25,18,19,48,23,33,18,17,15,66,63,66,62,66,,19.05263158,45.42857143,,31.5
11604,L. Vaca,22,Bolivia,64,73,,0,€ 0,1502,Right,1,3,2,Medium,Low,Medium/ Low,Normal,No,Striker,5'9,152lbs,63,61,58,59,57,53,41,38,34,39,29,70,72,57,56,63,49,29,49,49,68,63,58,60,75,66,69,77,46,65,27,12,68,55,68,49,20,20,19,7,12,10,8,6,,47.57894737,65.14285714,50.3,37
11870,D. Wayar,24,Bolivia,64,67,,0,€ 0,1555,Right,1,3,2,Medium,Medium,Medium/ Medium,Lean,No,Centre Midfielder,5'7,146lbs,46,50,50,53,54,58,61,62,60,61,47,29,55,66,31,52,34,40,64,59,57,64,59,54,75,49,63,78,40,32,60,62,35,57,41,53,71,65,60,14,8,13,13,8,,46.68421053,62.28571429,55.5,57.25
11919,G. Ivanov,30,Bulgaria,64,64,,0,€ 0,1699,Right,1,3,2,Medium,Medium,Medium/ Medium,Normal,No,Attacking Midfielder,5'10,154lbs,62,62,62,62,62,58,49,49,45,47,58,64,61,66,60,64,65,61,61,60,71,65,71,58,78,67,66,63,58,61,64,22,56,63,65,51,41,32,30,7,8,8,12,13,,54.47368421,67.42857143,55.8,48.75
11984,J. Candía,22,Bolivia,64,74,,0,€ 0,1331,Right,1,2,2,Low,High,Low/ High,Normal,No,Centre Back,5'10,159lbs,36,31,31,29,33,34,52,51,62,56,28,23,66,28,27,22,23,23,25,29,55,61,46,45,68,39,75,78,69,22,71,66,23,26,37,49,67,65,69,12,11,13,6,13,,33.78947368,64.57142857,41.5,57.75
12001,B. Añor,30,Venezuela,64,64,,0,€ 0,1834,Left,1,3,3,Medium,Medium,Medium/ Medium,Lean,No,Wide Midfielder,5'11,161lbs,63,63,62,62,63,61,61,59,57,59,63,59,61,63,59,66,69,66,56,64,70,61,66,57,69,78,72,77,64,67,72,65,60,59,64,61,44,49,54,15,7,12,11,15,,57.94736842,68.42857143,61,63.75
12034,T. Mokoena,21,South Afr,64,71,,0,€ 0,1599,Right,1,3,3,Medium,Medium,Medium/ Medium,Lean,No,Centre Midfielder,5'9,159lbs,55,61,60,63,62,62,56,56,51,55,45,32,51,73,42,63,38,62,69,75,75,72,52,55,69,58,59,61,52,51,35,33,60,63,48,62,64,48,46,9,10,8,10,11,,52,62.85714286,58.1,46.25
12192,H. Sulaimani,41,Saudi Ara,63,63,Ohod Club,0,€3K,1842,Left,1,3,3,High,Medium,High/ Medium,Lean,No,Full Back,5'8,154lbs,58,60,61,62,61,64,62,66,66,61,71,43,61,67,43,63,69,69,70,64,48,52,67,63,68,65,69,49,72,63,92,65,64,69,60,67,62,66,63,15,8,15,14,13,,59.57894737,60.71428571,62.1,71.75
12211,L. Maboe,23,South Afr,63,69,,0,€ 0,1652,Right,1,3,3,High,Medium,High/ Medium,Normal,No,Winger,5'8,146lbs,63,63,63,60,61,54,51,46,45,50,57,70,55,52,61,71,53,54,47,65,72,80,63,48,80,74,59,56,53,60,42,34,59,54,64,57,33,42,43,11,10,12,10,8,,53.36842105,66.14285714,55.6,45.25
12227,J. Sagredo,24,Bolivia,63,70,,0,€ 0,1502,Left,1,2,2,Medium,Medium,Medium/ Medium,Normal,No,Full Back,5'10,163lbs,47,49,52,50,54,51,61,57,59,61,60,30,57,58,26,56,32,31,53,47,75,71,71,58,67,28,57,70,54,28,53,61,50,37,37,49,69,58,61,13,10,7,5,12,,43.05263158,66.42857143,54.1,55.25
12453,W. Díaz,40,Colombia,63,63,Jaguares de Córdoba,0,€1K,1329,Right,1,3,2,Low,Medium,Low/ Medium,Stocky,No,Centre Back,5'10,168lbs,39,36,38,37,39,39,49,52,62,51,56,19,71,47,24,38,27,23,32,45,32,33,52,56,67,40,83,31,72,17,72,57,30,29,35,55,71,61,53,9,13,12,13,9,,37.78947368,52.85714286,44.2,60
12534,D. Bejarano,24,Bolivia,63,66,,0,€ 0,1623,Left,1,2,2,Medium,Medium,Medium/ Medium,Normal,No,Wide Midfielder,6'0,163lbs,54,57,59,58,62,58,59,58,56,57,66,33,48,65,36,64,44,42,63,72,71,72,52,55,63,51,56,64,71,39,73,44,58,47,53,46,68,48,45,12,9,15,14,10,,49.57894737,64.14285714,57.8,54.5
12582,E. Saavedra,22,Bolivia,63,73,,0,€ 0,1507,Right,1,1,2,High,Low,High/ Low,Stocky,No,Full Back,5'8,146lbs,47,49,51,47,52,47,61,54,57,61,65,42,42,44,37,57,48,30,29,41,67,61,50,58,75,41,62,81,41,43,53,66,53,40,40,33,67,65,66,6,12,6,13,6,,44.73684211,62.42857143,52.6,52.5
12594,C. Añez,22,Bolivia,63,68,,0,€ 0,1475,Right,1,3,2,Medium,Medium,Medium/ Medium,Lean,No,Full Back,5'9,143lbs,42,45,50,47,53,49,61,56,56,61,65,28,41,52,24,53,29,32,53,41,73,70,68,52,79,31,55,75,40,29,48,58,47,39,41,40,65,69,68,7,10,12,10,11,,42.47368421,65.71428571,52,49.5
12598,J. Lalpekhlua,27,India,63,64,,0,€ 0,1630,Right,1,3,2,Medium,Medium,Medium/ Medium,Stocky,No,Striker,5'9,165lbs,62,60,62,59,60,53,50,45,43,48,61,63,57,57,50,61,47,58,46,64,77,74,79,57,80,70,52,60,63,64,47,34,55,46,65,47,28,31,29,13,11,10,10,11,,50.10526316,69.28571429,54.2,46.25
12684,C. Howieson,23,New Zeala,63,68,,0,€ 0,1758,Left,1,3,3,Medium,Medium,Medium/ Medium,Normal,No,Centre Midfielder,5'11,172lbs,60,62,62,63,63,62,59,59,56,58,57,58,56,64,38,62,61,63,64,61,71,70,68,63,72,58,72,71,69,61,65,55,62,64,49,70,48,52,47,12,11,10,14,10,,53.94736842,70.42857143,60.4,63.25
12811,G. Singh Sandhu,26,India,63,68,,0,€ 0,1063,Right,1,2,1,Medium,Medium,Medium/ Medium,Normal,No,Goal Keeper,6'4,198lbs,,,,,,,,,,,20,13,18,24,16,13,14,20,27,23,42,40,38,65,37,14,51,36,70,13,23,23,16,40,15,57,19,15,11,63,59,59,62,64,,17.42105263,44.85714286,,42
12930,K. Despodov,21,Bulgaria,63,71,,0,€ 0,1561,Right,1,3,3,High,Medium,High/ Medium,Normal,No,Wide Midfielder,5'10,152lbs,64,64,63,60,60,52,46,41,38,43,45,65,48,59,49,66,55,38,32,65,82,73,73,60,71,79,60,64,61,60,54,18,65,46,52,69,21,26,24,10,12,10,5,13,,47.10526316,69.14285714,53.1,50.25
13096,N. Boxall,26,New Zeala,62,64,,0,€ 0,1424,Right,1,3,2,Medium,High,Medium/ High,Stocky,No,Centre Back,5'11,170lbs,43,42,42,42,45,45,53,55,61,56,24,24,60,50,31,44,23,28,44,46,68,74,57,48,64,39,72,69,76,24,71,56,32,34,33,45,58,63,62,12,9,13,7,9,,37.84210526,68.57142857,48.4,55
13185,M. Raynov,26,Bulgaria,62,66,,0,€ 0,1623,Right,1,3,2,High,High,High/ High,Lean,No,Defensive Midfielder,5'11,163lbs,56,57,58,57,59,59,61,61,58,60,54,55,46,66,39,61,44,43,60,69,67,66,52,53,64,62,59,70,61,51,56,68,45,44,44,67,59,57,55,14,14,8,9,8,,50.21052632,62.71428571,58.6,61
13508,A. Edathodika,31,India,62,62,,0,€ 0,1384,Left,1,3,2,,,Medium/ Medium,Normal,No,Centre Back,6'0,172lbs,42,40,42,39,43,40,54,51,61,57,41,22,64,38,27,44,28,32,22,37,62,64,56,62,57,27,59,63,79,29,48,57,39,32,37,49,67,62,68,14,15,14,11,7,,37.68421053,62.85714286,46.9,54
13662,C. Arano,23,Bolivia,62,70,,0,€ 0,1608,Right,1,3,2,,,Medium/ Medium,Normal,No,Centre Midfielder,6'2,154lbs,54,57,57,58,58,60,62,63,62,62,45,48,55,68,33,60,37,32,62,65,63,65,61,60,57,50,63,68,55,41,57,67,50,51,42,58,65,66,64,13,13,9,14,9,,49.15789474,61.71428571,59.3,60.5
13774,T. Payne,24,New Zeala,62,66,,0,€ 0,1754,Right,1,3,2,,,Medium/ High,Lean,No,Centre Midfielder,5'10,174lbs,59,59,59,59,60,59,60,61,61,60,57,55,53,62,53,58,60,60,58,60,69,72,66,55,67,66,54,71,72,58,82,58,57,60,47,54,56,62,56,13,9,7,9,12,,54.63157895,67.28571429,59.7,62.25
14054,P. Halder,25,India,61,67,,0,€ 0,1570,Right,1,3,2,,,Medium/ Medium,Lean,No,Centre Midfielder,5'11,163lbs,51,52,53,54,55,57,58,59,57,58,48,41,54,67,45,53,41,44,62,49,60,62,57,58,71,46,52,76,64,42,60,56,51,55,42,57,60,57,56,6,8,14,7,6,,48.05263158,63.14285714,55.4,57.75
14086,I. Minchev,27,Bulgaria,61,62,,0,€ 0,1550,Right,1,3,2,,,High/ Medium,Normal,No,Centre Midfielder,5'6,132lbs,55,59,59,60,60,60,54,53,46,52,46,52,43,71,40,67,43,43,66,54,63,64,63,62,83,54,55,62,33,57,39,45,63,50,45,56,42,53,41,15,8,8,12,8,,48.94736842,60.42857143,55.8,50.5
14124,A. Pa?canu,19,Romania,61,77,,0,€ 0,1537,Right,1,4,2,,,Medium/ High,Lean,No,Centre Back,6'1,161lbs,48,50,52,49,53,49,59,55,59,59,59,30,51,43,35,58,37,34,35,60,70,68,60,57,65,35,63,69,67,35,70,59,48,43,45,50,59,62,60,7,13,13,12,15,,43.63157895,66,53.3,59
14129,Y. Nakazawa,40,Japan,61,61,Yokohama F. Marinos,0,€1K,1356,Right,2,3,2,,,Low/ High,Normal,No,Centre Back,6'2,172lbs,44,44,42,47,45,52,50,58,60,51,44,40,67,62,40,40,47,35,59,63,29,30,28,41,50,59,42,28,55,21,69,61,21,66,31,69,64,64,57,10,9,7,9,8,,46.31578947,37.42857143,49.3,60
14199,P. Kotal,24,India,61,66,,0,€ 0,1530,Right,1,4,2,,,High/ Medium,Normal,No,Full Back,5'10,163lbs,47,49,52,50,53,50,59,55,57,59,56,27,47,53,32,53,33,40,47,56,80,77,72,52,70,45,60,64,67,40,49,57,42,39,43,55,63,58,60,10,7,11,12,8,,43.89473684,70,53.1,53.25
14218,L. Ralte,25,India,61,62,,0,€ 0,1566,Left,1,3,2,,,High/ Low,Lean,No,Winger,5'8,157lbs,58,60,61,59,60,54,50,46,41,48,60,54,44,55,49,60,55,54,48,62,80,77,71,58,72,66,39,55,58,62,36,43,57,56,56,54,36,29,27,9,13,8,9,8,,48.94736842,64.57142857,53.7,47.75
14368,T. Hudson-Wihongi,23,New Zeala,61,67,,0,€ 0,1613,Right,1,3,2,,,Medium/ Medium,Normal,No,Defensive Midfielder,6'1,183lbs,53,55,56,57,58,58,59,60,60,59,53,45,60,62,27,57,46,37,61,60,70,65,62,56,60,41,62,68,70,48,72,58,50,56,52,65,56,58,57,10,6,6,14,8,,48.73684211,65.28571429,57.5,62.75
14369,J. Tuominen,22,Finland,61,69,,0,€ 0,1537,Right,1,3,2,,,High/ Medium,Lean,No,Striker,6'1,163lbs,59,58,56,55,54,50,46,46,48,46,35,62,64,45,40,59,41,31,45,55,70,66,59,60,57,55,65,51,56,62,59,32,65,49,72,58,51,40,34,11,14,12,6,14,,47.63157895,60.57142857,51.8,52.25
14487,J. Gulley,25,New Zeala,61,64,,0,€ 0,1661,Right,1,3,2,,,Medium/ Medium,Normal,No,Full Back,5'9,154lbs,54,53,56,53,56,53,59,57,60,59,54,48,56,60,28,55,42,42,54,55,80,76,77,49,82,50,72,68,74,50,65,56,49,37,40,41,60,58,57,15,11,12,14,15,,47.10526316,75.57142857,56,52.75
14705,N. Das,24,India,60,65,,0,€ 0,1470,Left,1,2,2,,,Medium/ Medium,Normal,No,Full Back,5'9,150lbs,44,47,49,47,49,46,57,53,59,59,42,23,54,39,25,52,31,30,29,48,76,73,79,64,76,27,61,60,58,24,56,63,46,49,40,57,62,67,60,14,9,12,10,11,,39.36842105,69,51,60
14786,U. Singh,22,India,60,67,,0,€ 0,1566,Right,1,3,2,,,High/ Low,Normal,No,Wide Midfielder,5'11,165lbs,59,58,60,57,59,51,49,44,42,47,61,64,54,51,49,57,44,50,42,63,82,71,74,47,70,54,61,64,68,59,49,35,61,49,57,56,24,32,31,11,8,5,12,7,,47.47368421,70,52.6,46.75
14915,H. Narzary,24,India,60,66,,0,€ 0,1494,Left,1,3,2,,,High/ Medium,Lean,No,Wide Midfielder,5'10,163lbs,58,59,61,56,58,47,44,36,33,42,62,59,47,44,45,62,55,61,31,60,80,77,71,64,81,53,48,53,60,52,27,19,61,49,66,52,16,21,19,7,12,11,13,8,,45.42105263,67.14285714,49.4,40.5
15060,B. Makendzhiev,29,Bulgaria,60,60,,0,€ 0,1041,Right,1,2,1,,,Medium/ Medium,Stocky,No,Goal Keeper,6'0,168lbs,,,,,,,,,,,10,11,18,29,12,16,13,10,23,16,42,48,34,48,56,18,55,37,76,14,22,15,11,19,29,22,21,18,18,61,54,60,69,58,,16.10526316,49.71428571,,26.75
15196,A. Tsvetkov,27,Bulgaria,60,61,,0,€ 0,1485,Right,1,3,2,,,Medium/ High,Normal,No,Defensive Midfielder,5'11,165lbs,45,44,45,46,48,51,58,59,62,59,47,26,62,60,27,42,34,39,57,45,57,56,57,59,63,47,56,69,75,27,51,59,36,44,41,38,65,65,64,10,13,9,14,9,,43.57894737,61.85714286,51.7,51.75
15331,A. de Jong,21,New Zeala,59,67,,0,€ 0,1443,Right,1,2,2,,,High/ Medium,Lean,No,Attacking Midfielder,5'11,161lbs,58,57,57,57,57,53,43,42,37,41,49,61,58,57,43,58,33,32,56,59,61,68,61,55,65,51,57,62,66,50,30,23,59,54,58,56,28,20,16,10,10,13,13,7,,44.31578947,62.85714286,50.2,41
15356,R. Singh,28,India,59,59,,0,€ 0,1419,Left,1,3,2,,,Medium/ Medium,Normal,No,Striker,6'1,165lbs,58,55,53,53,52,46,38,36,34,36,33,62,55,48,47,52,34,60,32,58,63,57,62,57,57,60,65,66,74,55,34,13,56,47,64,46,20,16,15,13,11,9,13,11,,42.84210526,63.42857143,46.1,37.5
15385,B. Chorbadzhiyski,22,Bulgaria,59,69,,0,€ 0,1258,Right,1,3,2,,,High/ Medium,Normal,No,Centre Back,6'5,174lbs,40,37,37,35,38,36,47,47,57,51,21,24,65,26,27,45,23,20,28,45,62,61,47,44,42,40,69,58,67,16,59,48,25,30,35,58,57,66,63,14,7,6,5,13,,34.52631579,58,42.5,52.25
15393,A. Busti,18,Canada,59,77,,0,€ 0,956,Right,1,2,1,,,Medium/ Medium,Normal,No,Goal Keeper,6'0,165lbs,,,,,,,,,,,12,9,18,27,7,12,10,13,27,14,34,32,29,55,48,22,63,27,53,8,34,14,9,41,12,39,9,14,13,59,59,56,57,59,,14.57894737,40.85714286,,35.5
15394,A. Mitchell,22,New Zeala,59,67,,0,€ 0,1391,Right,1,2,2,,,Medium/ High,Lean,No,Centre Back,6'3,185lbs,41,40,42,41,44,44,53,53,58,54,38,24,56,46,25,48,26,31,42,50,56,63,57,45,60,37,67,67,74,29,62,54,24,31,43,57,58,62,56,14,9,11,12,14,,38.21052632,63.42857143,47,54.5
15459,K. Malinov,24,Bulgaria,59,65,,0,€ 0,1579,Right,1,3,2,,,Medium/ Medium,Normal,No,Centre Midfielder,5'7,143lbs,51,54,53,56,54,58,57,59,56,58,39,32,45,68,29,46,33,42,66,46,71,76,54,68,84,66,57,47,39,61,60,66,53,59,42,61,53,61,59,14,14,14,6,9,,47.36842105,61.14285714,55.6,63.75
15643,S. Singh,22,India,59,65,,0,€ 0,1322,Right,1,3,2,,,High/ Medium,Normal,No,Centre Back,6'2,168lbs,39,36,37,35,38,37,51,49,58,54,33,22,57,35,29,30,26,24,28,34,64,71,60,60,56,38,74,57,69,21,54,56,21,32,32,42,58,63,61,7,12,14,13,11,,33.89473684,64.42857143,43.4,53
15652,A. Thapa,20,India,59,71,,0,€ 0,1589,Right,1,4,2,,,Medium/ Medium,Lean,No,Centre Midfielder,5'7,141lbs,49,53,54,56,56,58,57,57,53,56,47,34,47,65,36,54,52,63,61,62,67,64,79,63,80,47,39,73,57,37,58,49,42,56,52,60,47,56,49,9,13,6,14,11,,47.73684211,65.57142857,54.9,57.5
15762,M. Crocombe,24,New Zeala,59,63,,0,€ 0,1134,Right,1,2,1,,,Medium/ Medium,Normal,No,Goal Keeper,6'4,194lbs,,,,,,,,,,,24,14,23,32,21,16,19,21,31,21,46,49,54,55,42,22,57,38,58,19,41,25,12,31,21,44,10,21,21,61,56,54,56,63,,19.94736842,49.14285714,,41.25
15825,M. Bevan,21,New Zeala,59,69,,0,€ 0,1443,Right,1,3,2,,,High/ Medium,Lean,No,Striker,6'0,170lbs,57,55,53,53,52,47,40,39,38,39,28,60,54,46,47,55,45,38,37,54,70,66,65,56,58,62,65,65,71,55,34,18,55,51,58,51,38,20,16,9,12,9,13,13,,43.10526316,65.71428571,47.3,39.75
15855,M. Rafique,25,India,58,61,,0,€ 0,1592,Right,1,3,2,,,High/ High,Lean,No,Centre Midfielder,5'8,148lbs,52,54,56,55,57,56,58,57,53,57,52,45,42,63,47,54,39,48,60,56,68,67,78,62,79,52,56,74,42,39,55,48,53,48,46,42,53,63,52,13,13,13,5,7,,48,66.28571429,55.5,51.75
15864,A. Singh,25,India,58,62,,0,€ 0,1065,Right,1,1,1,,,Medium/ Medium,Normal,No,Goal Keeper,6'1,179lbs,,,,,,,,,,,18,18,15,30,17,14,20,17,22,27,44,43,30,51,53,21,54,30,67,20,21,19,12,36,30,57,16,17,17,56,53,54,63,60,,19.31578947,45.85714286,,37
15884,B. Singh,31,India,58,58,,0,€ 0,1420,Right,1,3,2,,,High/ Medium,Lean,No,Striker,5'11,157lbs,56,55,54,53,51,45,37,35,33,35,29,60,45,53,50,51,62,31,33,55,70,78,63,55,67,59,68,51,73,58,31,12,49,47,66,51,23,12,14,10,13,13,6,13,,41.94736842,67.14285714,45.4,37.25
16135,S. Bose,22,India,58,66,,0,€ 0,1419,Left,1,3,2,,,Medium/ Medium,Normal,No,Full Back,6'1,172lbs,44,44,45,42,46,43,55,51,59,57,44,21,53,34,31,53,33,32,29,42,64,70,58,64,58,40,70,66,73,29,56,59,41,38,21,52,61,62,60,7,14,13,13,10,,38.10526316,65.57142857,48.6,57.75
16265,R. Borges,26,India,58,60,,0,€ 0,1426,Right,1,3,2,,,Medium/ Medium,Lean,No,Defensive Midfielder,6'1,165lbs,46,47,47,48,49,51,54,56,56,55,41,33,55,54,31,45,33,39,56,54,58,57,54,59,59,44,52,66,68,28,55,58,39,47,40,40,54,56,57,10,7,6,5,6,,42.42105263,59.14285714,50.9,53
16450,S. Paul,31,India,57,57,,0,€ 0,1032,Right,1,3,1,,,Medium/ Medium,Normal,No,,6'1,172lbs,,,,,,,,,,,15,20,15,23,17,14,15,12,22,13,56,46,65,65,46,13,69,32,33,16,28,23,12,27,16,52,12,15,12,53,48,62,57,60,,15.21052632,49.57142857,,42
16499,A. Mondal,28,India,57,57,,0,€ 0,1328,Right,1,3,2,,,Low/ Medium,Normal,No,Centre Back,5'10,154lbs,39,35,34,34,36,38,47,48,56,49,27,19,60,41,35,32,30,29,32,38,55,41,48,49,55,60,73,58,71,31,55,60,24,28,49,48,51,55,58,13,15,15,11,10,,36.78947368,57.28571429,41.6,53
16539,L. Lalruatthara,23,India,57,63,,0,€ 0,1410,Left,1,4,2,,,High/ Medium,Lean,No,,5'11,143lbs,,,,,,,,,,,51,33,47,28,31,51,32,34,24,44,78,82,70,53,74,24,56,54,47,29,52,58,49,37,38,57,60,61,57,15,12,11,6,12,,38.42105263,65.85714286,,55
16783,M. Smith,18,Wales,56,75,,0,€ 0,1508,Right,1,2,2,,,Medium/ Medium,Lean,No,Defensive Midfielder,5'10,150lbs,47,49,50,51,52,53,53,55,53,53,46,39,38,58,38,50,51,42,54,54,58,60,62,53,68,46,66,58,57,40,62,55,45,52,45,55,51,55,52,13,6,11,12,11,,45.05263158,61.28571429,51.6,56.25
16793,E. Lyngdoh,31,India,56,56,,0,€ 0,1613,Right,1,3,2,,,Medium/ Medium,Lean,No,,5'9,150lbs,,,,,,,,,,,53,47,39,57,56,57,73,70,51,64,67,66,81,56,84,63,57,70,54,48,33,43,41,53,59,63,43,48,32,7,8,9,15,9,,50.21052632,68.42857143,,48.75
16903,J. Lalrinzuala,19,India,56,64,,0,€ 0,1457,Left,1,2,2,,,Medium/ Medium,Normal,No,Full Back,5'9,150lbs,48,46,48,44,49,43,54,49,52,55,54,36,44,43,34,46,24,40,35,41,76,73,67,54,71,63,63,65,56,32,52,49,47,35,36,44,57,58,53,10,10,5,14,14,,40.94736842,67.28571429,48.8,49.75
16947,F. Schram,23,Iceland,56,66,,0,€ 0,1054,Right,1,2,1,,,Medium/ Medium,Normal,No,Goal Keeper,6'5,187lbs,,,,,,,,,,,17,11,17,22,15,13,20,16,24,21,42,49,31,54,38,25,57,45,77,20,19,19,19,17,30,28,22,20,20,57,53,56,51,57,,18.36842105,48.42857143,,30
16976,A. Kuruniyan,21,India,56,70,,0,€ 0,1401,Left,1,3,2,,,High/ Medium,Lean,No,Winger,5'9,154lbs,55,55,56,53,55,47,42,36,32,40,53,47,58,56,39,49,37,48,31,54,76,78,81,54,76,57,52,65,49,49,33,20,58,48,37,41,17,15,12,14,10,6,14,8,,40.2631579,68.14285714,47.1,37
17008,G. Kostadinov,27,Bulgaria,56,57,,0,€ 0,1448,Right,1,3,2,,,Medium/ High,Normal,No,Defensive Midfielder,6'0,163lbs,47,47,47,49,49,51,53,55,55,54,43,36,48,67,28,48,36,35,65,45,57,64,52,52,60,63,55,46,55,32,52,45,34,45,42,45,58,58,67,14,12,6,14,14,,44.73684211,55.57142857,50.7,48.5
17129,J. Singh,26,India,55,58,,0,€ 0,1466,Right,1,4,2,,,High/ Medium,Lean,No,,5'7,159lbs,,,,,,,,,,,47,51,40,50,45,46,48,59,35,53,86,82,77,51,80,68,53,66,59,52,32,12,49,40,65,42,26,18,13,15,14,8,10,16,,42.36842105,71.85714286,,34.25
17197,V. Kaith,21,India,55,64,,0,€ 0,838,Right,1,2,1,,,Medium/ Medium,Normal,No,Goal Keeper,6'2,176lbs,,,,,,,,,,,13,7,13,16,7,11,10,13,16,18,29,32,24,55,36,24,47,16,56,9,21,10,8,29,13,29,8,12,11,55,50,57,59,53,,12.52631579,34.28571429,,28.75
17215,K. Taimi,26,Finland,55,57,,0,€ 0,1366,Right,1,3,2,,,Medium/ High,Normal,No,Full Back,6'4,187lbs,46,44,45,43,46,43,51,49,57,53,42,41,65,45,26,50,30,32,35,40,65,55,58,49,42,29,61,56,76,26,48,54,46,36,33,36,51,58,64,11,9,9,12,12,,39.42105263,59,47.7,46.75
17339,S. Passi,23,India,54,63,,0,€ 0,1321,Right,1,3,2,,,Medium/ Low,Normal,No,,5'9,143lbs,,,,,,,,,,,35,56,49,38,38,53,37,33,33,43,66,68,57,49,58,50,55,59,62,47,39,34,57,43,58,45,14,23,21,8,6,13,9,10,,38.31578947,60.71428571,,41.75
17436,D. Lalhlimpuia,20,India,54,67,,0,€ 0,1270,Right,1,3,2,,,Medium/ Medium,Normal,No,,6'0,168lbs,,,,,,,,,,,25,65,48,38,48,47,33,30,31,52,53,58,59,51,59,51,65,50,58,50,33,18,48,40,55,46,26,17,13,7,8,12,11,11,,37.73684211,57.42857143,,37
17539,C. Singh,21,India,53,62,,0,€ 0,1247,Right,1,3,2,,,High/ Medium,Lean,No,,6'3,174lbs,,,,,,,,,,,22,21,48,36,20,38,21,27,30,29,71,73,62,48,48,31,71,58,76,22,44,48,26,32,38,41,56,49,53,12,9,6,14,8,,31.52631579,65.57142857,,45.25
17672,R. Kawai,39,Japan,53,53,Hokkaido Consadole,0,€1K,1223,Right,1,3,2,,,Medium/ Medium,Normal,No,Centre Back,6'0,165lbs,38,40,40,42,40,46,47,51,52,47,39,35,39,62,27,41,35,42,45,47,32,28,30,47,54,37,32,31,48,41,50,54,24,40,43,57,60,59,55,13,6,7,11,9,,40.57894737,36.42857143,44.3,52
17726,T. Warner,44,Trinidad,53,53,Accrington Stanley,0,€1K,926,Right,1,2,1,,,Medium/ Medium,Normal,No,Goal Keeper,6'4,185lbs,,,,,,,,,,,19,13,15,24,15,14,14,12,24,27,23,21,27,47,38,36,43,25,58,20,31,15,15,21,17,46,19,15,14,48,56,56,60,44,,17.57894737,33.57142857,,34.75
17752,S. Phillips,40,England,52,52,Yeovil Town,0,€1K,857,Right,1,3,1,,,Medium/ Medium,Normal,No,Goal Keeper,6'1,165lbs,86,84,82,82,81,79,65,66,60,62,13,15,11,15,13,15,12,13,15,22,28,32,38,57,33,12,44,23,53,12,34,18,14,10,13,63,15,12,17,48,54,47,53,46,,13.10526316,35.85714286,74.7,43
18183,K. Pilkington,44,England,48,48,Cambridge United,0,€1K,774,Right,1,2,1,,,Medium/ Medium,Normal,No,Goal Keeper,6'2,190lbs,76,83,84,83,84,77,69,63,52,66,11,12,12,18,11,11,12,13,13,16,15,17,31,48,31,23,45,22,44,12,24,15,10,11,22,56,15,15,13,45,48,44,49,46,,13.15789474,29.28571429,73.7,35.75
